wf_id,iter_idx,attempt,t_iteration_started
hpo-60bf3eb4,0,1,1778413724.156659
hpo-b03a4442,0,1,1778414300.3185422
hpo-60bf3eb4,1,1,1778414331.9467113
hpo-a87b8123,0,1,1778414360.6536837
hpo-417bb2bd,0,1,1778414648.6426737
hpo-417bb2bd,1,1,1778415317.8590715
hpo-a87b8123,1,1,1778415761.5572324
hpo-b03a4442,1,1,1778415864.8805392
hpo-60bf3eb4,2,1,1778415965.3464758
hpo-417bb2bd,2,1,1778416456.1701505
hpo-a87b8123,2,1,1778416712.2756267
hpo-b03a4442,2,1,1778418183.392601
hpo-b03a4442,3,1,1778421272.6993635
hpo-b03a4442,4,1,1778425475.6099458
