,instances,budget,deadline,sched_start_time,submit_time,software_id,license_cost,exec_start_time,finish_time,complete,cost,hardware_cost
lamf-test-ce4837ee-c9b5-4728-816b-793fbe63012e,"{<resource_manager.instance.OnPremInstance object at 0x120b03770>: [(5, 30, None)]}",64.81020493737797,14109.368596154949,30,1.0,1,52.26499855502318,30,4002.4419999999996,True,60.321110931023185,8.056112375999998
lamf-test-fdbe52b3-5ac4-4817-bbd7-3ee39ada2008,"{<resource_manager.instance.OnPremInstance object at 0x120b03770>: [(3, 1170.2, None)]}",309.54978900857253,128651.89958776611,1170.2,1166.661918685,1,219.2897490303445,1170.2,28631.541999999998,True,252.7047099759445,33.4149609456
lamf-test-312a25ed-966e-4a84-89af-21712bfc7175,"{<resource_manager.instance.OnPremInstance object at 0x120b03770>: [(4, 6600.8, None)]}",330.5774711754339,133954.8954954508,6600.8,6596.940433408,1,105.04843866453726,6600.8,16538.08,True,121.17068173653726,16.122243072000003
lamf-test-6d60a076-8aec-42f5-ae5c-3923b3793c72,"{<resource_manager.instance.OnPremInstance object at 0x120b03770>: [(5, 6630.8, None)]}",295.26855467250385,134224.61036819417,6630.8,6604.941632221,1,256.2219730017492,6630.8,26105.151,True,295.7159568297492,39.493983828000005
lamf-test-f42e0220-9054-4dba-814a-9d6b93e25e15,"{<resource_manager.instance.OnPremInstance object at 0x120b03770>: [(2, 6660.8, None)]}",293.5168981771201,134404.70536904622,6660.8,6617.861578387,3,47.54727812000913,6660.8,22290.779000000002,True,60.22631708480913,12.679038964800002
lamf-test-c2212f64-c788-46d9-9572-57170e08d2ac,"{<resource_manager.instance.OnPremInstance object at 0x120b03770>: [(4, 7200.8, None)]}",57.825321252479114,21352.587221064045,7200.8,7189.843950691,3,10.548604456612676,7200.8,8934.595000000001,True,13.361513464612678,2.8129090080000014
lamf-test-0aa73555-99c3-40be-a09f-6bf3df006265,"{<resource_manager.instance.OnPremInstance object at 0x120b03770>: [(6, 7230.8, None)]}",310.4901833144852,135066.19294495496,7230.8,7214.7748899729995,3,144.97091489847134,7230.8,23115.987999999998,True,183.62910841527133,38.6581935168
lamf-test-761a035c-9b31-431d-b128-35fe1a248496,"{<resource_manager.instance.OnPremInstance object at 0x120b03770>: [(4, 7800.8, None)]}",281.9460745575701,135755.0270156596,7800.8,7793.7525844659995,1,219.11310297361013,7800.8,28528.268999999997,True,252.74134867921012,33.628245705599994
lamf-test-c947c209-c0e1-414b-aa78-1430406df6ae,"{<resource_manager.instance.OnPremInstance object at 0x120b03770>: [(2, 7830.8, None)]}",91.00759406898061,38870.95672986964,7830.8,7826.140230616,3,18.576512282302833,7830.8,13937.364,True,23.530156999102832,4.9536447167999995
lamf-test-1b5247ff-56d3-4066-aafc-ee4137f1169c,"{<resource_manager.instance.OnPremInstance object at 0x120b03770>: [(3, 8401.0, None)]}",98.97570184637311,39727.67791392076,8401.0,8370.8644207,3,29.90654802646588,8401.0,14955.019999999999,True,37.88147956246588,7.974931535999999
lamf-test-a35e3102-219f-4336-95ce-4d87e6b5e69c,"{<resource_manager.instance.OnPremInstance object at 0x120b03770>: [(6, 8431.0, None)]}",88.24903114605627,39592.16975246073,8431.0,8383.746976912,3,45.67572895277208,8431.0,13435.918000000001,True,57.85569739757209,12.179968444800004
lamf-test-8d2ae00d-f906-47ac-81a5-138a54772bef,"{<resource_manager.instance.OnPremInstance object at 0x120b03770>: [(2, 8461.2, None)]}",310.3508838593914,136212.35961346645,8461.2,8403.823679305,3,37.662397729773765,8461.2,20841.771693719882,True,47.705517487719334,10.043119757945567
lamf-test-b41bc5e6-51fb-4710-b8ea-caebbe600cb8,"{<resource_manager.instance.OnPremInstance object at 0x120b03770>: [(6, 8491.400000000001, None)]}",308.5846884800438,136524.22941424215,8491.400000000001,8424.015658111,2,23.89161390194117,8491.400000000001,14019.499000000002,True,37.344795628341174,13.453181726400002
lamf-test-8a5bf643-d5be-430a-ac2f-d8a1f25fa6d3,"{<resource_manager.instance.OnPremInstance object at 0x120b03770>: [(3, 9001.400000000001, None)]}",322.3613792231315,136685.45903647435,9001.400000000001,8978.300172664,2,40.14816372956232,9001.400000000001,21447.425000000003,True,55.292486949562324,15.144323220000002
lamf-test-cbef53e7-aa65-412f-b9a4-02aefd0bda1b,"{<resource_manager.instance.OnPremInstance object at 0x120b03770>: [(2, 9031.400000000001, None)]}",89.7921856815224,40228.375807167264,9031.400000000001,8979.646779382,1,43.40130808426496,9031.400000000001,17069.2,True,49.92157144426496,6.5202633599999995
lamf-test-decf70b3-3bab-4cf4-b55a-9508b27560e7,"{<resource_manager.instance.OnPremInstance object at 0x120b03770>: [(3, 9061.400000000001, None)]}",317.6420201174764,136557.12048587165,9061.400000000001,8988.05632948,2,59.09221060287624,9061.400000000001,27380.124000000003,True,81.38243396607625,22.290223363200003
lamf-test-1faee22d-4d95-436a-a021-6148365dd51b,"{<resource_manager.instance.OnPremInstance object at 0x120b03770>: [(2, 9091.400000000001, None)]}",300.8642397517245,136441.25327067112,9091.400000000001,9025.816913769999,3,92.71046923720435,9091.400000000001,39567.649000000005,True,117.43280242600436,24.722333188800004
lamf-test-585c2356-1279-476b-b41a-cbdb8ebd0ee3,"{<resource_manager.instance.OnPremInstance object at 0x120b03770>: [(4, 9601.800000000003, None)]}",290.6639501784463,137146.49033121692,9601.800000000003,9572.604602836,2,79.60087549095121,9601.800000000003,31457.196000000004,True,115.05906996135121,35.4581944704
lamf-test-17aa2292-304e-4763-ab73-533f31d66f3d,"{<resource_manager.instance.OnPremInstance object at 0x120b03770>: [(5, 9631.800000000003, None)]}",100.9864715008785,40743.33709278448,9631.800000000003,9573.604602836,2,14.098799441978688,9631.800000000003,13154.916000000005,True,21.24367868997869,7.144879248000003
lamf-test-17be3ad6-6cd4-4c64-93c6-3fc4d170d157,"{<resource_manager.instance.OnPremInstance object at 0x120b03770>: [(2, 9662.000000000004, None)]}",64.77903730143166,23555.740576321346,9662.000000000004,9581.368556906,2,13.044395004432007,9662.000000000004,14460.433000000003,True,16.936883854032004,3.892488849599999
lamf-test-410c24b3-e037-404b-8fa3-3b9be7b4adaa,"{<resource_manager.instance.OnPremInstance object at 0x120b03770>: [(5, 9692.000000000004, None)]}",105.56808496111117,40757.49877209628,9692.000000000004,9600.841946972,3,17.08412807057571,9692.000000000004,11938.392000000003,True,21.63981104657571,4.555682975999999
lamf-test-dbfc6e86-f385-4c1b-a2d1-36902c12232e,"{<resource_manager.instance.OnPremInstance object at 0x120b03770>: [(2, 9722.200000000004, None)]}",332.81097832014945,137410.53614812205,9722.200000000004,9610.432555925,3,68.12869419727735,9722.200000000004,32117.805000000004,True,86.29600897327735,18.167314775999998
lamf-test-ee649544-0852-4484-9313-a2ec39aaf5e5,"{<resource_manager.instance.OnPremInstance object at 0x120b03770>: [(4, 9752.200000000004, None)]}",94.51083597672981,40654.58521653889,9752.200000000004,9624.232635404,1,46.594504068750496,9752.200000000004,14159.906000000006,True,53.745566283150495,7.151062214400003
lamf-test-3e8d9edc-8d07-4ff0-a6aa-1b9473f39dae,"{<resource_manager.instance.OnPremInstance object at 0x120b03770>: [(5, 10202.600000000006, None)]}",46.55013787044631,24368.958864375883,10202.600000000006,10182.0810046965,1,44.85023355388243,10202.600000000006,13611.477000000006,True,51.763436109882434,6.913202556
lamf-test-8daeea4f-cbbf-4fb6-b9f3-5857c1ab865e,"{<resource_manager.instance.OnPremInstance object at 0x120b03770>: [(4, 10232.800000000007, None)]}",56.56222725445129,24410.47451850342,10232.800000000007,10190.08541612,1,25.029936877329078,10232.800000000007,12600.560000000007,True,28.871390701329076,3.8414538240000002
lamf-test-665b3cd3-6953-4941-a220-b425974f248a,"{<resource_manager.instance.OnPremInstance object at 0x120b03770>: [(3, 10262.800000000007, None)]}",295.24467469152273,137772.7937853603,10262.800000000007,10198.857836831,3,66.75592516541182,10262.800000000007,24892.361000000008,True,84.55717499021182,17.801249824800003
lamf-test-7b6d3b7a-f2bc-4206-bf5c-c8e1aaff27be,"{<resource_manager.instance.OnPremInstance object at 0x120b03770>: [(3, 10292.800000000007, None)]}",57.77199384513077,24383.757304781466,10292.800000000007,10206.915096077,2,3.774906899290799,10292.800000000007,11463.030000000008,True,5.1988427632908,1.4239358640000017
lamf-test-e86f1528-c4b7-428d-9220-137c2eee5f81,"{<resource_manager.instance.OnPremInstance object at 0x120b03770>: [(5, 10322.800000000007, None)]}",291.443531643958,138160.68505409406,10322.800000000007,10221.656561387,2,106.50776837205342,10322.800000000007,36937.777,True,160.4829417280534,53.975173355999985
lamf-test-905b51bb-7f4b-480b-babc-216c95cb3e5c,"{<resource_manager.instance.OnPremInstance object at 0x120b03770>: [(4, 10833.60000000001, None)]}",76.07511246679637,24940.03864267015,10833.60000000001,10803.127259840001,3,16.389985550231962,10833.60000000001,13527.49900000001,True,20.760567287831964,4.370581737600002
lamf-test-d53de693-fd3a-47ec-b96e-28dcf292d471,"{<resource_manager.instance.OnPremInstance object at 0x120b03770>: [(4, 10863.60000000001, None)]}",82.04480128359563,41979.641924950214,10863.60000000001,10816.825661225,2,34.47103807393063,10863.60000000001,20328.04600000001,True,49.82615526433063,15.3551171904
lamf-test-d608e81f-e921-488f-9511-ac29f6be8717,"{<resource_manager.instance.OnPremInstance object at 0x120b03770>: [(4, 10893.80000000001, None)]}",290.8535591080783,138859.7876433195,10893.80000000001,10825.642102112,3,54.372877024868814,10893.80000000001,19830.66200000001,True,68.87204193366881,14.499164908800001
lamf-test-794e981d-7b48-479b-88a9-08c76168b3f4,"{<resource_manager.instance.OnPremInstance object at 0x120b03770>: [(2, 11405.800000000017, None)]}",55.43753343799916,25553.28638997938,11405.800000000017,11375.546373352501,3,6.65798767967146,11405.800000000017,13594.447000000018,True,8.43341812607146,1.7754304464000006
lamf-test-d89dd74a-ca32-43e3-9fdb-057b16e15c3a,"{<resource_manager.instance.OnPremInstance object at 0x120b03770>: [(2, 11435.800000000017, None)]}",52.589033620058174,25586.854337163015,11435.800000000017,11378.949702599,1,34.68736344969197,11435.800000000017,17859.802000000014,True,39.89851387209197,5.211150422399998
lamf-test-9d73df9e-a4e9-43ed-b3cd-731892da568c,"{<resource_manager.instance.OnPremInstance object at 0x120b03770>: [(6, 11465.800000000017, None)]}",116.24356079750007,42505.62251279983,11465.800000000017,11389.771733981,3,27.752516541181837,11465.800000000017,14506.782000000017,True,35.15305033638184,7.4005337952
lamf-test-700b88cb-1fe1-443f-85f3-4e83586778d7,"{<resource_manager.instance.OnPremInstance object at 0x120b03770>: [(2, 11496.000000000018, None)]}",323.88597973304996,138684.17423379468,11496.000000000018,11406.41161484,1,150.09679701878468,11496.000000000018,39293.504000000015,True,172.6461322635847,22.549335244799998
lamf-test-cacf2328-5a7f-4177-ad3a-d6767db7f233,"{<resource_manager.instance.OnPremInstance object at 0x120b03770>: [(5, 11976.40000000002, None)]}",299.34289693362723,139891.72363171453,11976.40000000002,11967.233171615,2,53.911597736442516,11976.40000000002,25448.24300000002,True,81.23249534044251,27.320897604
lamf-test-76901c5b-cc70-4a21-8b6a-aa4aa3dedd24,"{<resource_manager.instance.OnPremInstance object at 0x120b03770>: [(2, 12006.40000000002, None)]}",295.82083300729096,139271.99235988266,12006.40000000002,11968.233171615,2,26.225270783149604,12006.40000000002,21653.47100000002,True,34.050974778349605,7.8257039952
lamf-test-c0570041-d32e-4e8b-8d2d-a250dfe399fc,"{<resource_manager.instance.OnPremInstance object at 0x120b03770>: [(5, 12036.40000000002, None)]}",309.1917473885502,139801.21298263306,12036.40000000002,11969.233171615,1,284.1255875731994,12036.40000000002,33631.587000000014,True,327.9206268091994,43.79503923599999
lamf-test-ca7252f0-85f2-4005-896c-fb17b2f26952,"{<resource_manager.instance.OnPremInstance object at 0x120b03770>: [(6, 12066.40000000002, None)]}",304.02222934164064,139967.68588604574,12066.40000000002,11971.031773207,1,361.8936495550992,12066.40000000002,35054.51400000002,True,417.83752378549923,55.9438742304
lamf-test-0ae28a41-e363-4bde-bdce-50f826df3b42,"{<resource_manager.instance.OnPremInstance object at 0x120b03770>: [(4, 12096.800000000021, None)]}",87.69850691765791,43252.632317183234,12096.800000000021,11974.839924754,3,48.29444833651418,12096.800000000021,20034.596264710333,True,61.17272899638019,12.878280659866011
lamf-test-9da27dae-e6dc-4f47-b706-a6e8a3713464,"{<resource_manager.instance.OnPremInstance object at 0x120b03770>: [(6, 12127.200000000023, None)]}",296.9549680882063,139740.49114602272,12127.200000000023,11975.839924754,3,45.404426192105845,12127.200000000023,17102.39000000002,True,57.51204857610584,12.107622383999997
lamf-test-50c28631-c9b3-47d9-9e36-b5f64438ea4d,"{<resource_manager.instance.CloudReservedInstance object at 0x120d04290>: [(6, 12157.400000000023, None)]}",57.792712238435485,25873.837827359333,12157.400000000023,11983.097103002001,3,48.167987946854765,12157.400000000023,17435.407279276635,True,82.76215885814538,34.59417091129062
lamf-test-6ea3ccb6-5ec7-474a-bd76-4c0b7e74a8fd,"{<resource_manager.instance.CloudReservedInstance object at 0x120d01310>: [(4, 12187.400000000023, None)]}",318.43627200467716,139504.26600764715,12187.400000000023,12008.523842288001,3,132.7734434175338,12187.400000000023,55833.35018742883,True,191.29393342883833,58.520490011304545
lamf-test-f6a7b87b-3fe2-4927-871e-a0cac1bfa236,"{<resource_manager.instance.CloudReservedInstance object at 0x120d01310>: [(2, 12217.400000000023, None)], <resource_manager.instance.CloudReservedInstance object at 0x120d01090>: [(1, 12217.400000000023, None)]}",80.84812600328213,43332.82570279076,12217.400000000023,12026.715516125001,3,55.68877997740006,12217.400000000023,39676.84129710628,True,85.16923615397334,29.480456176573277
lamf-test-01aed4d0-4ac3-4934-b29d-300b9eb1cf38,"{<resource_manager.instance.CloudReservedInstance object at 0x120d01090>: [(5, 12578.600000000028, None)], <resource_manager.instance.CloudReservedInstance object at 0x120b222c0>: [(1, 12578.600000000028, None)]}",48.38806555130056,26936.515976568073,12578.600000000028,12572.924745743001,3,4.449011566987875,12578.600000000028,13675.475995518595,True,7.303960408123601,2.8549488411357262
lamf-test-f035cec5-13b9-4feb-9d16-93fce26c2cc2,"{<resource_manager.instance.CloudReservedInstance object at 0x120b222c0>: [(3, 12608.800000000028, None)]}",59.50673849065216,26791.223438758796,12608.800000000028,12584.21410649,2,22.061949079779307,12608.800000000028,19448.056002970745,True,34.10177534740895,12.039826267629648
lamf-test-7dc86417-03bf-4f7d-b2cc-4f303d7c708b,"{<resource_manager.instance.CloudReservedInstance object at 0x120b222c0>: [(2, 12638.800000000028, None)], <resource_manager.instance.CloudReservedInstance object at 0x120b03cb0>: [(2, 12638.800000000028, None)]}",122.20824587768153,43946.237316644416,12638.800000000028,12607.579445087,2,39.072250156248096,12638.800000000028,20438.5689382666,True,59.49516514420528,20.422914987957185
lamf-test-6e11c3c3-b9bf-4aa2-897f-6c03a891a9cd,"{<resource_manager.instance.CloudReservedInstance object at 0x120d04290>: [(1, 13180.800000000036, None)], <resource_manager.instance.CloudReservedInstance object at 0x120b03cb0>: [(4, 13180.800000000036, None)]}",323.10613238146993,140806.57759663244,13180.800000000036,13171.983837488,3,210.0872629558723,13180.800000000036,50850.40119009228,True,360.0876148948196,150.00035193894732
lamf-test-c5a6ffed-1196-4516-a2cc-67f21c8eb5f5,"{<resource_manager.instance.CloudReservedInstance object at 0x120b22520>: [(1, 13211.000000000036, None)], <resource_manager.instance.CloudOnDemandInstance object at 0x120b22780>: [(1, 13211.000000000036, None)]}",321.906162634098,140885.16583682084,13211.000000000036,13185.814925963,2,126.74271909003664,13211.000000000036,48978.79247675139,True,245.5704792563,118.82776016626335
lamf-test-6718dd63-82fd-49d3-b154-c2385c7724e4,"{<resource_manager.instance.CloudOnDemandInstance object at 0x120b22780>: [(4, 13241.000000000036, None)]}",53.92864783453742,27297.277536060297,13241.000000000036,13194.518394299,1,148.75375903204628,13641.536000000036,27312.6775360603,False,,
lamf-test-93fc33e5-0604-48d1-8efe-1dfc9145e379,"{<resource_manager.instance.OnPremInstance object at 0x120b03770>: [(5, 13672.33600000004, None)]}",318.63019504491797,140932.84959010003,13672.33600000004,13217.618546858,1,100.86384173701423,13672.33600000004,21338.57100000004,True,116.41096631701423,15.54712458
lamf-test-561c40aa-4fd2-4142-aa20-b41c53e185e4,"{<resource_manager.instance.OnPremInstance object at 0x120b03770>: [(2, 13702.53600000004, None)]}",92.22367706149063,44495.87374080412,13702.53600000004,13218.618546858,2,17.762111697972674,13702.53600000004,20236.400000000038,True,23.062382174772672,5.300270476799998
lamf-test-d81c27cf-4838-43c5-ac8d-f0f7d5a86a71,"{<resource_manager.instance.OnPremInstance object at 0x120b03770>: [(4, 13792.936000000042, None)]}",313.16578296695053,141486.35847866768,13792.936000000042,13775.257846821001,3,172.1536481861738,13792.936000000042,42088.54000000004,True,218.0604361157738,45.90678792959999
lamf-test-92b10550-cff6-47f7-a077-4b4db1587046,"{<resource_manager.instance.OnPremInstance object at 0x120b03770>: [(4, 13822.936000000042, None)]}",81.64667311738593,44934.0185705717,13822.936000000042,13801.883964264001,2,23.234023786145055,13822.936000000042,20202.122000000047,True,33.583615152545065,10.349591366400007
lamf-test-29b14cf4-c2e0-462e-a5b2-16a34ab23f1f,"{<resource_manager.instance.OnPremInstance object at 0x120b03770>: [(2, 13852.936000000042, None)]}",89.42960233211319,44887.091765959965,13852.936000000042,13806.681464556,3,23.758290364286253,13852.936000000042,21662.88000000004,True,30.093716937086253,6.335426572799999
lamf-test-0ee3ab93-6383-46f5-aeca-265dafdbd84c,"{<resource_manager.instance.OnPremInstance object at 0x120b03770>: [(5, 13882.936000000042, None)]}",39.66592451958817,27936.98483506724,13882.936000000042,13808.080172586,3,19.488067533652757,13882.936000000042,16445.422000000042,True,24.684789141652757,5.196721608000002
lamf-test-3484ce7d-9fee-4f95-9c2d-f871cc58413f,"{<resource_manager.instance.OnPremInstance object at 0x120b03770>: [(3, 13912.936000000042, None)]}",280.48808000057255,141538.89693623316,13912.936000000042,13809.193492095,3,85.0966598220397,13912.936000000042,32561.869000000042,True,107.7886814964397,22.692021674400003
lamf-test-0ab21652-7e84-40ef-afc1-d04cb7c18425,"{<resource_manager.instance.OnPremInstance object at 0x120b03770>: [(2, 13942.936000000042, None)]}",99.9394489602227,45082.09570339351,13942.936000000042,13813.429385229001,3,12.214379800745299,13942.936000000042,17958.10800000004,True,15.471487327145297,3.2571075263999987
lamf-test-107c896d-ee0f-4ca2-89f1-19c67b8002a2,"{<resource_manager.instance.CloudReservedInstance object at 0x120d04290>: [(2, 13972.936000000042, None)]}",98.1671155759394,45046.56505699323,13972.936000000042,13818.935775246002,3,10.183376295918906,13972.936000000042,17320.466372875984,True,17.497060654578263,7.3136843586593585
lamf-test-34f82a8b-288c-437f-910d-553d4a2c7dfc,"{<resource_manager.instance.OnPremInstance object at 0x120b03770>: [(2, 14002.936000000042, None)]}",332.1651620956545,141615.91629043804,14002.936000000042,13821.540280656001,1,52.13238580880676,14002.936000000042,23657.707000000042,True,59.96433604400676,7.831950235200001
lamf-test-aa879c60-c521-40a2-972a-cf0714098824,"{<resource_manager.instance.OnPremInstance object at 0x120b03770>: [(2, 14392.936000000042, None)]}",56.99333448866139,28587.17651403192,14392.936000000042,14369.802336297002,2,16.509639280996772,14392.936000000042,20466.07300000004,True,21.43616801539677,4.926528734399999
lamf-test-cfb32c98-2421-4b31-9da7-090b5212bb9a,"{<resource_manager.instance.OnPremInstance object at 0x120b03770>: [(6, 14423.136000000042, None)]}",311.65623815536327,141880.76760555035,14423.136000000042,14370.802336297002,1,210.13734630770526,14423.136000000042,27771.425693719928,True,242.62174410634196,32.484397798636714
lamf-test-2e0bd3ff-93cb-46df-ab43-ee2f13d4c7e1,"{<resource_manager.instance.CloudReservedInstance object at 0x120d04290>: [(1, 14453.136000000042, None)], <resource_manager.instance.CloudReservedInstance object at 0x120d01090>: [(2, 14453.136000000042, None)]}",316.2487464140096,142084.21580848796,14453.136000000042,14380.939774462002,1,168.71242918002736,14453.136000000042,49853.13171204546,True,235.9299410380592,67.21751185803184
lamf-test-75f66efa-1a77-47ea-a0c6-c0317f11e7c2,"{<resource_manager.instance.CloudReservedInstance object at 0x120d01090>: [(3, 14483.136000000042, None)], <resource_manager.instance.CloudReservedInstance object at 0x120b222c0>: [(1, 14483.136000000042, None)], <resource_manager.instance.CloudOnDemandInstance object at 0x120b22780>: [(1, 14483.136000000042, None)]}",323.850834844211,142445.99911429416,14483.136000000042,14390.666880223001,3,169.50008050376215,14483.136000000042,51629.07864239952,True,319.05707477059093,149.55699426682878
lamf-test-c1ff5343-c068-4179-8505-1de35f1c5237,"{<resource_manager.instance.CloudOnDemandInstance object at 0x120b22780>: [(4, 14513.136000000042, None)]}",328.6266875432299,142068.8351365625,14513.136000000042,14394.084221191002,2,115.37063347278972,14913.672000000042,46189.5574685718,False,,
lamf-test-c8383b87-eaaf-4727-8a38-364a265a9c1b,"{<resource_manager.instance.OnPremInstance object at 0x120b03770>: [(2, 14944.072000000044, None)]}",87.74670802746411,45410.56402818429,14944.072000000044,14395.417873252001,2,19.24343849166867,14944.072000000044,22022.84800000004,True,24.98574158286867,5.742303091199998
lamf-test-a5bf6748-f8d5-4a59-badc-d9816f45493a,"{<resource_manager.instance.OnPremInstance object at 0x120b03770>: [(2, 14974.272000000044, None)]}",54.40376906069801,28560.164908583567,14974.272000000044,14403.775302487002,2,14.681327007173056,14974.272000000044,20374.857000000044,True,19.062281559173055,4.3809545519999995
lamf-test-9d2ced27-20c6-49c1-84d1-76444fddb91f,"{<resource_manager.instance.OnPremInstance object at 0x120b03770>: [(3, 15004.272000000044, None)]}",313.4023701696379,142072.37529238997,15004.272000000044,14409.462511021002,2,40.551386482706015,15004.272000000044,27575.297000000046,True,55.847809702706016,15.296423220000003
lamf-test-6323d458-f602-48c5-98a5-f5c1a1584292,"{<resource_manager.instance.OnPremInstance object at 0x120b03770>: [(5, 15034.272000000044, None)]}",313.6595923894348,142386.26396086585,15034.272000000044,14418.944500123001,1,104.55052186478062,15034.272000000044,22980.716000000048,True,120.66591029678062,16.115388432000007
lamf-test-48feb4fc-2742-45dc-808f-e652fe900563,"{<resource_manager.instance.OnPremInstance object at 0x120b03770>: [(3, 15064.272000000044, None)]}",41.254966979320166,28393.69063901585,15064.272000000044,14428.759085794001,1,27.47597421857177,15064.272000000044,18505.049000000046,True,31.662711672171774,4.186737453600003
lamf-test-bbc839c8-f836-4f9a-a8e0-6cb8342496f2,"{<resource_manager.instance.CloudOnDemandInstance object at 0x120b22780>: [(2, 15094.272000000044, None)], <resource_manager.instance.CloudOnDemandInstance object at 0x120d016d0>: [(1, 15094.272000000044, None)]}",114.4912360012796,46206.79941244238,15094.272000000044,14979.251233168,3,110.95835526332195,15494.808000000045,44274.10026714845,True,262.1215376184575,151.1631823551356
lamf-test-d4b58a16-b6c8-4064-88b0-a3ec8e4212ba,"{<resource_manager.instance.OnPremInstance object at 0x120b03770>: [(2, 15526.608000000051, None)]}",56.907858453854786,29354.700519303933,15526.608000000051,14980.251233168,2,10.81772089049206,15526.608000000051,19505.95000000005,True,14.04576312089206,3.2280422304000003
lamf-test-26bbd872-e5de-48b0-8f8f-e6417ce7af20,"{<resource_manager.instance.CloudOnDemandInstance object at 0x120d016d0>: [(2, 15556.808000000052, None)]}",298.1380358381042,142237.9800983562,15556.808000000052,14998.137031625001,2,228.54507407211682,15957.344000000052,128194.05237810593,True,390.92292556759423,162.37785149547744
lamf-test-032ba352-18f7-47d0-a6f0-b7f2f4956a0a,"{<resource_manager.instance.CloudOnDemandInstance object at 0x120d016d0>: [(6, 15988.544000000056, None)]}",307.62274626708137,142998.28326551168,15988.544000000056,15010.327545254002,3,377.6962164216859,16389.080000000056,98760.66982881253,False,,
lamf-test-05c2e1a5-42c3-4e97-863b-94fa07e33793,"{<resource_manager.instance.CloudOnDemandInstance object at 0x120d011d0>: [(4, 16420.28000000006, None)]}",91.04820322006628,46849.075205818786,16420.28000000006,15575.623223570003,2,49.46824348608715,16820.81600000006,38013.25563966481,False,,
lamf-test-d2eb5728-b98d-4dc8-9b54-d5b61be5f0ce,"{<resource_manager.instance.OnPremInstance object at 0x120b03770>: [(4, 16851.816000000064, None)]}",294.31398108778467,143209.77095302098,16851.816000000064,15584.471704622003,2,83.30756851096787,16851.816000000064,39724.930000000066,True,120.41690866456787,37.1093401536
lamf-test-3058457a-d1e2-4d92-baae-1c4c74ce602b,"{<resource_manager.instance.CloudOnDemandInstance object at 0x120d011d0>: [(5, 16881.816000000064, None)]}",296.32729201787157,143378.7273365365,16881.816000000064,15594.261622046002,2,118.26691177151626,17282.352000000064,63866.16741058614,False,,
lamf-test-7a641bba-d417-49ff-88d9-3fe54ccc21c1,"{<resource_manager.instance.OnPremInstance object at 0x120b03770>: [(5, 17312.752000000066, None)]}",72.4727596207448,29755.552934900756,17312.752000000066,15598.607000624002,1,15.265023195680273,17312.752000000066,18472.982000000065,True,17.61796963568027,2.352946439999999
lamf-test-3babe4ac-4db5-41c5-ad0c-7fee914c7ec7,"{<resource_manager.instance.OnPremInstance object at 0x120b03770>: [(3, 17342.752000000066, None)]}",293.72278396528714,143952.95226306625,17342.752000000066,16182.007991882003,2,61.69902312147608,17342.752000000066,36469.59400000007,True,84.97256446707608,23.273541345600005
lamf-test-efb02442-ed88-49c8-bf51-dea5e65f914e,"{<resource_manager.instance.CloudReservedInstance object at 0x120d04290>: [(2, 17372.752000000066, None)]}",304.7860416350407,144146.3231468701,17372.752000000066,16206.149523026002,3,171.01161872089608,17372.752000000066,73588.54636402664,True,293.8318862474213,122.82026752652524
lamf-test-a3da9951-7484-4541-a43a-d268b07d7f2b,"{<resource_manager.instance.CloudOnDemandInstance object at 0x120d011d0>: [(3, 17402.752000000066, None)], <resource_manager.instance.CloudOnDemandInstance object at 0x120b223f0>: [(1, 17402.752000000066, None)]}",322.8627978188001,143917.58616887094,17402.752000000066,16219.425118118003,2,446.58404051793565,17803.288000000066,127451.05628178037,True,890.7246903196444,444.1406498017087
lamf-test-a4d8ead1-b39f-46fe-9cfa-58d32f343ff0,"{<resource_manager.instance.CloudReservedInstance object at 0x120d04290>: [(2, 17834.68800000007, None)], <resource_manager.instance.CloudOnDemandInstance object at 0x120d016d0>: [(1, 17834.68800000007, None)], <resource_manager.instance.CloudOnDemandInstance object at 0x120b223f0>: [(1, 17834.68800000007, None)]}",84.41713409588449,47968.89340447816,17834.68800000007,16771.000845560004,1,207.33340927944408,17834.68800000007,39133.33642668297,True,298.1380669817639,90.80465770231984
lamf-test-1393ec0f-c39a-48b5-8afc-5e45c5c5f7c7,"{<resource_manager.instance.CloudOnDemandInstance object at 0x120b223f0>: [(6, 17864.68800000007, None)]}",354.69102159935267,144390.06943179012,17864.68800000007,16773.994588103003,3,237.106329494153,18265.22400000007,43845.614054321886,False,,
lamf-test-98a6ab80-499b-4f3a-95f7-4dd7df820566,"{<resource_manager.instance.OnPremInstance object at 0x120b03770>: [(2, 18295.624000000073, None)]}",105.87093398460661,47971.512051065074,18295.624000000073,16798.017418166004,1,29.26392242756102,18295.624000000073,23715.22000000007,True,33.66029870276102,4.396376275199998
lamf-test-0b319882-7fad-4ae3-8912-b51a1940b68d,"{<resource_manager.instance.CloudOnDemandInstance object at 0x120b223f0>: [(2, 18325.624000000073, None)]}",309.96889456321867,144837.59154761722,18325.624000000073,16826.342389487003,3,304.38090084960885,18726.160000000073,118383.23563178774,True,576.0973509968915,271.7164501472826
lamf-test-151fcd56-358d-466c-9e97-a24b8c315d14,"{<resource_manager.instance.OnPremInstance object at 0x120b03770>: [(4, 18757.560000000078, None)]}",286.90020368365816,144651.16107070376,18757.560000000078,17372.315834132,1,121.28600448703324,18757.560000000078,30230.86700000008,True,139.90029776383324,18.6142932768
lamf-test-0479ea03-d843-4f1c-b0bd-6f829a2c5a10,"{<resource_manager.instance.CloudOnDemandInstance object at 0x120b223f0>: [(2, 18787.560000000078, None)], <resource_manager.instance.CloudOnDemandInstance object at 0x120b03b60>: [(3, 18787.560000000078, None)]}",326.10114994784385,145137.01615016605,18787.560000000078,17381.269313825,3,736.3549750694532,19188.096000000078,139816.7045898531,True,1682.8512974199396,946.4963223504864
lamf-test-724d0d5f-301b-4490-8457-7773ef64d695,"{<resource_manager.instance.CloudOnDemandInstance object at 0x120b03b60>: [(5, 19219.296000000082, None)]}",109.55462846539683,48529.086311400366,19219.296000000082,17417.851160162,2,27.48386745811238,19619.832000000082,27368.837335107037,False,,
lamf-test-2674780b-0edf-4613-bd86-e3e24ce33fcb,"{<resource_manager.instance.CloudReservedInstance object at 0x120b222c0>: [(3, 19650.632000000085, None)], <resource_manager.instance.CloudOnDemandInstance object at 0x120d016d0>: [(2, 19650.632000000085, None)]}",302.61464185285956,144902.35625999418,19650.632000000085,17420.26134452,1,889.9641142435609,19650.632000000085,102060.05550837037,True,1153.8390883173624,263.87497407380164
lamf-test-15ce12ce-cdd4-4322-97b9-e92908eec275,"{<resource_manager.instance.CloudOnDemandInstance object at 0x120b223f0>: [(1, 19680.832000000086, None)], <resource_manager.instance.CloudOnDemandInstance object at 0x120b03b60>: [(3, 19680.832000000086, None)]}",62.79223748275714,32248.33525486008,19680.832000000086,17978.3179836885,2,58.11408925698398,20081.368000000086,31921.80372987457,True,137.2225931584708,79.10850390148683
lamf-test-6fdb4590-cea7-4d20-bffa-249d0757fa2a,"{<resource_manager.instance.OnPremInstance object at 0x120b03770>: [(6, 20112.36800000009, None)]}",88.08906902383775,49031.88320493666,20112.36800000009,17984.536674893,1,83.30965229295,20112.36800000009,25404.342000000088,True,96.18820021935,12.878547926399996
lamf-test-e4ed1a21-f292-441c-946a-d7b9f0990c7d,"{<resource_manager.instance.OnPremInstance object at 0x120b03770>: [(2, 20142.36800000009, None)]}",297.2172710903451,145593.22527225869,20142.36800000009,17993.85994991,1,134.24421248764162,20142.36800000009,45004.018000000084,True,154.41198296764162,20.167770479999994
lamf-test-c777b76c-0cc3-4d24-b87d-dcc762dd2026,"{<resource_manager.instance.OnPremInstance object at 0x120b03770>: [(2, 20172.36800000009, None)]}",310.2741421688458,146149.02461535364,20172.36800000009,17995.093279061,1,102.04875519050874,20172.36800000009,39071.51000000008,True,117.37973918090873,15.330983990399993
lamf-test-38f0df60-c850-46c3-8ecc-b21d5524ac44,"{<resource_manager.instance.OnPremInstance object at 0x120b03770>: [(6, 20232.36800000009, None)]}",82.2505270696069,49301.785226011,20232.36800000009,18029.755431077,3,55.111695185945706,20232.36800000009,26271.23200000009,True,69.80787461634571,14.696179430400004
lamf-test-ecaffeb0-92d2-4398-a844-9e4844c48df5,"{<resource_manager.instance.OnPremInstance object at 0x120b03770>: [(3, 20292.56800000009, None)]}",106.56838267415606,49191.84398659983,20292.56800000009,18030.755431077,1,34.63830937713897,20292.56800000009,24630.274000000092,True,39.916430037938966,5.278120660800003
lamf-test-3c60492c-5568-42f7-a13b-d4f3117a23dc,"{<resource_manager.instance.OnPremInstance object at 0x120b03770>: [(6, 20412.56800000009, None)]}",288.51703100665657,146321.46819453285,20412.56800000009,18578.707279824,2,32.289555955975004,20412.56800000009,27883.80300000009,True,50.471553451975005,18.181997496
lamf-test-04f3f31f-b20f-4cb7-a3dd-c0c2f380b4cc,"{<resource_manager.instance.CloudReservedInstance object at 0x120b222c0>: [(2, 20472.96800000009, None)], <resource_manager.instance.CloudReservedInstance object at 0x120b03cb0>: [(2, 20472.96800000009, None)]}",63.69847192731158,32691.404346717565,20472.96800000009,18592.609331496,3,25.759362418349113,20472.96800000009,25553.61584658318,True,39.06253073984227,13.303168321493157
lamf-test-b6b347a8-b100-462f-bbd1-cdcde8345e59,"{<resource_manager.instance.OnPremInstance object at 0x120b03770>: [(4, 20532.96800000009, None)]}",310.4633474601291,146416.21359520228,20532.96800000009,18625.519655772,1,342.0557011940071,20532.96800000009,52890.45300000009,True,394.5524848580071,52.49678366399999
lamf-test-d4113937-9912-4267-ad39-f41249bcbcef,"{<resource_manager.instance.OnPremInstance object at 0x120b03770>: [(2, 20562.96800000009, None)]}",44.164232744169574,33511.42523502158,20562.96800000009,19189.787529597,3,14.590107232489155,20562.96800000009,25359.10100000009,True,18.48073032208915,3.8906230895999983
lamf-test-198ba68c-5a75-4dd3-95a5-23cb4a91c31d,"{<resource_manager.instance.OnPremInstance object at 0x120b03770>: [(5, 20893.368000000093, None)]}",75.79076386942039,50359.440863442636,20893.368000000093,19190.787529597,2,13.50902241954741,20893.368000000093,24269.10600000009,True,20.355019083547404,6.845996663999995
lamf-test-9bb4d80d-2aee-48e9-ac53-5a922312b6c8,"{<resource_manager.instance.OnPremInstance object at 0x120b03770>: [(6, 21374.368000000097, None)]}",62.348183689222225,33390.824767448226,21374.368000000097,19194.190398559,2,23.74169757391766,21374.368000000097,26867.7790000001,True,37.110462583517666,13.36876500960001
lamf-test-8fdaa8c6-0ab8-4102-bf2c-7c6a5957696b,"{<resource_manager.instance.OnPremInstance object at 0x120b03770>: [(3, 21494.368000000097, None)]}",305.80076715201267,146594.5183903909,21494.368000000097,19199.150961532,3,50.048359571070044,21494.368000000097,32462.4660000001,True,63.39434121747005,13.345981646400004
lamf-test-c89d3402-a23f-46ae-8720-cd373edbf82e,"{<resource_manager.instance.OnPremInstance object at 0x120b03770>: [(3, 21524.368000000097, None)]}",59.063695813800784,33443.34446322754,21524.368000000097,19214.460079779998,3,12.224042892995653,21524.368000000097,24203.267000000094,True,15.48372719619565,3.259684303199997
lamf-test-d457b8b2-16f3-450b-ba2f-e7b966006e63,"{<resource_manager.instance.OnPremInstance object at 0x120b03770>: [(6, 21734.568000000098, None)]}",308.6020686022321,146822.04329614408,21734.568000000098,19216.172227902996,1,250.7832470910334,21734.568000000098,37664.75600000009,True,289.5509526078334,38.76770551679998
lamf-test-87f7683b-4f57-45f2-93ec-cd6117faec52,"{<resource_manager.instance.OnPremInstance object at 0x120b03770>: [(2, 21975.1680000001, None)]}",62.86965238334432,33286.2079318783,21975.1680000001,19222.733268492997,1,9.565453266408086,21975.1680000001,23746.6630000001,True,11.002490010408085,1.4370367439999991
lamf-test-95f36198-5f8e-46dc-93db-fc5d6a810881,"{<resource_manager.instance.OnPremInstance object at 0x120b03770>: [(3, 22095.3680000001, None)]}",312.84764381313755,147018.09210904475,22095.3680000001,19227.100628898996,2,49.830845248480635,22095.3680000001,37543.04700000009,True,68.62758105568062,18.796735807199994
lamf-test-067d037c-dcca-41c3-b8b9-a8b36009d0a4,"{<resource_manager.instance.OnPremInstance object at 0x120b03770>: [(4, 22305.768000000102, None)]}",61.80548621708826,33517.346420505266,22305.768000000102,19228.231891536994,2,12.811629842726944,22305.768000000102,25823.358000000102,True,18.518567858726946,5.7069380160000005
lamf-test-55d518fc-620c-44fe-a18a-2336d48b9fc1,"{<resource_manager.instance.OnPremInstance object at 0x120b03770>: [(3, 22366.368000000104, None)]}",83.99778340603386,51139.79530222791,22366.368000000104,19774.523183535995,3,35.23005247547342,22366.368000000104,30087.034000000105,True,44.624558864273425,9.394506388800002
lamf-test-64282f81-8a38-42e2-8686-39f8e7fadae5,"{<resource_manager.instance.OnPremInstance object at 0x120b03770>: [(5, 22606.768000000106, None)]}",308.1387838586121,147615.05466131665,22606.768000000106,19792.423122693996,2,17.9279801240933,22606.768000000106,27086.749000000105,True,27.013381592093296,9.085401467999999
lamf-test-6ca33400-5b63-4867-9fb5-39d7d8646a8a,"{<resource_manager.instance.OnPremInstance object at 0x120b03770>: [(6, 23058.16800000011, None)]}",105.93846150050236,51061.315207693915,23058.16800000011,19800.865097007994,1,89.68787816563994,23058.16800000011,28755.298000000108,True,103.55241373363994,13.864535567999994
lamf-test-e1a8ae4a-b274-4245-9dc7-b8b20b25f60b,"{<resource_manager.instance.OnPremInstance object at 0x120b03770>: [(4, 23178.36800000011, None)]}",307.3714712616934,147677.36043202065,23178.36800000011,19802.303121141995,3,178.24157578523074,23178.36800000011,52474.599000000104,True,225.77178095963072,47.53020517439999
lamf-test-5f552717-b86e-4e0e-9794-6b12cd0fea27,"{<resource_manager.instance.OnPremInstance object at 0x120b03770>: [(2, 23208.36800000011, None)]}",43.981392744961866,34054.80530440097,23208.36800000011,19817.823487947495,2,16.376812130068217,23208.36800000011,29232.64400000011,True,21.263704821268213,4.886892691199998
lamf-test-0ee69e3c-f7ac-4d00-b4dc-243374763ca6,"{<resource_manager.instance.OnPremInstance object at 0x120b03770>: [(2, 23298.768000000113, None)]}",95.71047451977611,51601.75528474711,23298.768000000113,20372.672784618993,3,6.772810099627358,23298.768000000113,25525.160000000116,True,8.57885929002736,1.8060491904000027
lamf-test-60d40a4b-09c7-4a73-b379-b1d85406ff0e,"{<resource_manager.instance.OnPremInstance object at 0x120b03770>: [(4, 23780.36800000012, None)]}",57.165191884420324,34678.5654633595,23780.36800000012,20380.380840402995,3,43.26826374629249,23780.36800000012,30892.04800000012,True,54.80625337829249,11.537989632
lamf-test-87976d93-8677-4270-9b15-bf91d2c51eaa,"{<resource_manager.instance.OnPremInstance object at 0x120b03770>: [(3, 24051.368000000122, None)]}",311.39111778496914,148135.9134832735,24051.368000000122,20382.507903489994,2,50.435034221791184,24051.368000000122,39686.347000000125,True,69.4596766689912,19.024642447200005
lamf-test-68fc4f1f-0368-4356-8862-a5c873470b2b,"{<resource_manager.instance.OnPremInstance object at 0x120b03770>: [(4, 24262.168000000125, None)]}",313.35740939256686,148241.29204733594,24262.168000000125,20384.211205644995,2,41.987952546293855,24262.168000000125,35790.475000000115,True,60.691477823093834,18.703525276799983
lamf-test-6ffd71d7-ab96-484d-939d-8341469b380b,"{<resource_manager.instance.OnPremInstance object at 0x120b03770>: [(3, 24322.368000000126, None)]}",291.65416309527114,148248.30281572114,24322.368000000126,20405.866433193994,3,102.19304129591605,24322.368000000126,46717.97300000013,True,129.44401345991605,27.250972164000007
lamf-test-20e1ba49-4666-4d28-9ab3-d9b988f76cc5,"{<resource_manager.instance.OnPremInstance object at 0x120b03770>: [(6, 25465.368000000137, None)]}",285.6765311197183,147802.4283300651,25465.368000000137,20416.696412265996,1,145.70035592060225,25465.368000000137,34720.50800000013,True,168.22366462460224,22.52330870399999
lamf-test-6012bbf1-8566-4834-b341-39822809aef2,"{<resource_manager.instance.OnPremInstance object at 0x120b03770>: [(5, 25525.368000000137, None)]}",93.62462651407313,51634.33663567772,25525.368000000137,20428.130455158996,1,142.6631757548101,25525.368000000137,36368.59400000013,True,164.6532380828101,21.990062327999983
lamf-test-92b1912c-cdf4-4496-9665-6c2a64a15900,"{<resource_manager.instance.OnPremInstance object at 0x120b03770>: [(5, 25585.368000000137, None)]}",99.7921660649438,51773.40043876658,25585.368000000137,20429.400952689997,3,23.127097117651534,25585.368000000137,28626.350000000137,True,29.294208613651534,6.1671114959999995
lamf-test-3d2e4ca8-d6e8-4002-a809-14108f6da5be,"{<resource_manager.instance.CloudReservedInstance object at 0x120b222c0>: [(2, 25645.368000000137, None)], <resource_manager.instance.CloudReservedInstance object at 0x120b03cb0>: [(3, 25645.368000000137, None)]}",306.2018292174168,148738.38538081505,25645.368000000137,20979.304236432996,2,202.92546609911912,25645.368000000137,62968.8411369129,True,327.6157251549173,124.69025905579818
lamf-test-a7986f20-c88c-442a-a9bb-9d4e408bd120,"{<resource_manager.instance.OnPremInstance object at 0x120b03770>: [(4, 25886.16800000014, None)]}",50.00049139574834,35093.24548807184,25886.16800000014,20988.054244035997,1,26.362038710168047,25886.16800000014,28379.941000000137,True,30.407936025368045,4.045897315199996
lamf-test-bf2ee2bb-aeee-4553-ba75-b56c3562dc59,"{<resource_manager.instance.OnPremInstance object at 0x120b03770>: [(2, 25916.16800000014, None)]}",94.73625576454592,52353.01317477762,25916.16800000014,20989.054244035997,1,67.74770431211498,25916.16800000014,38462.85200000014,True,77.92557437291498,10.177870060799998
lamf-test-404ab15a-5fdc-47da-96ca-6bf36dbfc057,"{<resource_manager.instance.OnPremInstance object at 0x120b03770>: [(4, 25946.16800000014, None)]}",285.63536765098837,148909.37059033755,25946.16800000014,21004.110108790996,2,70.52808802522162,25946.16800000014,45310.51900000014,True,101.94481108762162,31.4167230624
lamf-test-398c2e41-0ba6-4e76-8602-21bfa67e2257,"{<resource_manager.instance.OnPremInstance object at 0x120b03770>: [(5, 26186.56800000014, None)]}",308.43937206382503,148876.54051430192,26186.56800000014,21006.884550154995,2,43.801274557702484,26186.56800000014,37131.96600000014,True,65.99854170170248,22.197267143999994
lamf-test-58d64335-ff0b-41b5-93cb-bcafe6abca1b,"{<resource_manager.instance.OnPremInstance object at 0x120b03770>: [(6, 26306.768000000142, None)]}",83.27713277836911,52293.28256749494,26306.768000000142,21008.332056346993,2,37.8131177817392,26306.768000000142,35056.058000000136,True,59.10538992573919,21.292272143999988
lamf-test-78749043-3668-43d0-99ce-4ee040f7f664,"{<resource_manager.instance.OnPremInstance object at 0x120b03770>: [(2, 26698.368000000148, None)]}",57.07835905715178,35143.968164784914,26698.368000000148,21024.070876630994,2,5.179359072723131,26698.368000000148,28603.616000000147,True,6.72489625032313,1.5455371775999995
lamf-test-59fd6bbc-b1e0-4afd-a720-743bb563c136,"{<resource_manager.instance.OnPremInstance object at 0x120b03770>: [(2, 26908.76800000015, None)]}",321.20760313523465,148708.50673836586,26908.76800000015,21029.598500359996,2,35.19394563096073,26908.76800000015,39855.002000000146,True,45.695930651760726,10.501985020799998
lamf-test-4cc1e286-0e7f-464c-8240-c10883a7da2a,"{<resource_manager.instance.OnPremInstance object at 0x120b03770>: [(4, 27119.768000000153, None)]}",316.2330750787407,149164.78563503415,27119.768000000153,21574.230936541997,3,63.580129287398286,27119.768000000153,37569.957000000155,True,80.53451592099829,16.954386633600002
lamf-test-0aaede3d-34d4-43d5-b971-8a2a954407b0,"{<resource_manager.instance.OnPremInstance object at 0x120b03770>: [(2, 27149.968000000154, None)]}",291.4038438976179,149106.10602072568,27149.968000000154,21578.08840559,1,123.58996836261309,27149.968000000154,50038.48200000015,True,142.15713091941308,18.567162556799996
lamf-test-a7598ecc-5cec-4bf9-9a0f-c71ca0dbae0e,"{<resource_manager.instance.OnPremInstance object at 0x120b03770>: [(6, 27180.168000000154, None)]}",294.2224632206372,149316.9809904457,27180.168000000154,21591.511792753998,3,54.488779374857366,27180.168000000154,33150.77600000015,True,69.01885100365736,14.530071628799993
lamf-test-5c0e0bc7-fda1-478e-8de8-178b5b80a83c,"{<resource_manager.instance.CloudOnDemandInstance object at 0x120b22780>: [(4, 27360.568000000156, None)]}",109.02475346006189,52847.26924281879,27360.568000000156,21597.046783678998,2,73.48587113164233,27761.104000000156,47537.01460415319,False,,
lamf-test-95c3a7f0-6def-4a58-8473-af92a11ec586,"{<resource_manager.instance.OnPremInstance object at 0x120b03770>: [(3, 27792.70400000016, None)]}",312.05091942501133,149583.34863712295,27792.70400000016,21605.052661210997,1,222.71757700205342,27792.70400000016,55683.308000000165,True,256.6548639492534,33.93728694720001
lamf-test-225e7631-1dba-46ce-9a30-f911bc78acd8,"{<resource_manager.instance.OnPremInstance object at 0x120b03770>: [(5, 27822.70400000016, None)]}",48.6051907309817,36014.39429713939,27822.70400000016,21616.002627370995,1,38.07111757548107,27822.70400000016,30716.329000000165,True,43.939389075481074,5.868271500000007
lamf-test-19917d27-b721-40ad-a37a-4370c7a734bc,"{<resource_manager.instance.OnPremInstance object at 0x120b03770>: [(2, 27852.70400000016, None)]}",301.1069329229973,149550.8617089147,27852.70400000016,22189.542529210994,2,39.17086844110496,27852.70400000016,42261.865000000165,True,50.85957984430496,11.688711403200003
lamf-test-c5f3d318-ed60-437f-9c1e-4a6f0f18365e,"{<resource_manager.instance.CloudOnDemandInstance object at 0x120b03b60>: [(5, 27882.70400000016, None)]}",302.37657057421836,149812.1634104281,27882.70400000016,22192.461756373996,2,244.58554806060405,28283.24000000016,100407.4328041821,False,,
lamf-test-68ff13a7-de65-4a50-8bee-581fe346b072,"{<resource_manager.instance.OnPremInstance object at 0x120b03770>: [(4, 28464.440000000166, None)]}",316.0799972187193,149721.10302138363,28464.440000000166,22197.383512468994,1,68.61537478135219,28464.440000000166,34955.257000000165,True,79.14607628215218,10.530701500799998
lamf-test-e3ac6e81-3f29-40d1-91c8-119f86b94741,"{<resource_manager.instance.OnPremInstance object at 0x120b03770>: [(2, 28494.440000000166, None)]}",292.3170995981352,150125.1343772011,28494.440000000166,22216.462872952994,2,64.85244527231514,28494.440000000166,52350.67200000016,True,84.20462067071513,19.352175398399993
lamf-test-cd918581-b0d1-458e-92b2-5c59b3bd83b5,"{<resource_manager.instance.OnPremInstance object at 0x120b03770>: [(3, 28584.640000000167, None)]}",301.10787935133226,150413.10846061874,28584.640000000167,22772.290385932993,2,48.217280047462616,28584.640000000167,43532.11000000017,True,66.40536154346262,18.188081496000002
lamf-test-3231937d-3960-4134-90c2-f2e92cf6e932,"{<resource_manager.instance.OnPremInstance object at 0x120b03770>: [(2, 28614.640000000167, None)]}",109.51414052886817,53756.99398820838,28614.640000000167,22774.454295328993,2,23.730310888625144,28614.640000000167,37343.93000000016,True,30.81151093662514,7.081200047999995
lamf-test-5e0241b4-8be0-4af4-bde6-0b42fa40fc67,"{<resource_manager.instance.OnPremInstance object at 0x120b03770>: [(2, 28644.640000000167, None)]}",98.3173256377796,53984.15597359084,28644.640000000167,22779.78378216749,3,6.788020381778081,28644.640000000167,30876.032000000167,True,8.59812557217808,1.8101051903999998
lamf-test-d56ac58c-44ed-4cac-88e0-685510119191,"{<resource_manager.instance.OnPremInstance object at 0x120b03770>: [(2, 28674.640000000167, None)]}",70.70390367140996,36843.59463087884,28674.640000000167,22781.59621315099,2,18.829970115097787,28674.640000000167,35601.32000000016,True,24.44889293109778,5.618922815999994
lamf-test-093fc8c1-409b-4af5-91bd-f1586aa318b7,"{<resource_manager.instance.OnPremInstance object at 0x120b03770>: [(6, 28704.640000000167, None)]}",48.98947611555658,36943.778081622164,28704.640000000167,22789.373051689992,1,49.76329431895961,28704.640000000167,31865.691000000166,True,57.45602803255961,7.692733713599999
lamf-test-412a625e-1641-430d-83ff-ad06d8ff7ded,"{<resource_manager.instance.OnPremInstance object at 0x120b03770>: [(5, 28824.640000000167, None)]}",48.58977843534464,37072.06218795026,28824.640000000167,22790.373051689992,1,24.570604912921105,28824.640000000167,30692.148000000165,True,28.3579111369211,3.7873062239999955
lamf-test-499e704f-e77f-4d06-942d-f6729f7df6df,"{<resource_manager.instance.OnPremInstance object at 0x120b03770>: [(3, 28854.640000000167, None)]}",295.12516285873096,150448.92552005904,28854.640000000167,22791.373051689992,2,57.7286725408455,28854.640000000167,46750.664000000164,True,79.5045545440455,21.7758820032
lamf-test-b31f9afe-254c-4126-a484-8628eb9333c1,"{<resource_manager.instance.OnPremInstance object at 0x120b03770>: [(6, 29666.240000000173, None)]}",58.325064065435534,36973.99003764847,29666.240000000173,22796.21754087699,1,41.13372895277205,29666.240000000173,32279.12600000017,True,47.49244832237205,6.358719369599997
lamf-test-893ff824-f1d2-4433-939e-c7c4d678a42b,"{<resource_manager.instance.OnPremInstance object at 0x120b03770>: [(2, 29876.640000000174, None)]}",291.47945752946964,150506.36806275666,29876.640000000174,22798.077976743993,1,105.06126861358277,29876.640000000174,49333.69100000017,True,120.84482838478277,15.783559771199998
lamf-test-9ad3c991-d587-4e6c-87f0-aa8b942b2b5d,"{<resource_manager.instance.OnPremInstance object at 0x120b03770>: [(6, 30807.84000000018, None)]}",294.2702271699325,150652.25029416496,30807.84000000018,22811.49164398599,2,94.5088989464594,30807.84000000018,52675.536000000175,True,147.7261239320594,53.2172249856
lamf-test-50bd9009-28ec-4253-bcf7-ae2b62692323,"{<resource_manager.instance.OnPremInstance object at 0x120b03770>: [(3, 30928.44000000018, None)]}",96.71534015432012,54006.790639597624,30928.44000000018,22827.801335016993,2,18.65085231926603,30928.44000000018,36710.248000000174,True,25.686156293666023,7.0353039743999926
lamf-test-65b278d1-c75b-4135-b5aa-f825706c680d,"{<resource_manager.instance.OnPremInstance object at 0x120b03770>: [(4, 30959.040000000183, None)]}",46.808209305960055,37055.650706976325,30959.040000000183,22829.355339000995,1,61.413601794813324,30959.040000000183,36768.590000000186,True,70.83901571481333,9.425413920000004
lamf-test-4e05654b-8014-4960-848f-0c1b470c0ee8,"{<resource_manager.instance.OnPremInstance object at 0x120b03770>: [(5, 30989.240000000183, None)]}",119.66024806020059,54583.41389651855,30989.240000000183,23382.018573579993,3,26.755768499505653,30989.240000000183,34507.35600000018,True,33.89050774750565,7.134739247999995
lamf-test-2b6c6b3a-28c9-458c-9ffa-76aefcc26451,"{<resource_manager.instance.OnPremInstance object at 0x120b03770>: [(5, 31469.840000000186, None)]}",317.28833254019617,151056.46451187407,31469.840000000186,23383.262311503993,1,294.4947726062819,31469.840000000186,53853.14500000019,True,339.8881151462819,45.39334254000001
lamf-test-2f12deb2-00c6-45f2-bf9e-431fba73627e,"{<resource_manager.instance.OnPremInstance object at 0x120b03770>: [(6, 32792.84000000019, None)]}",93.49967154984164,54675.767538534245,32792.84000000019,23389.462929801994,1,104.39449691991774,32792.84000000019,39424.160000000185,True,120.53247727191773,16.137980351999982
lamf-test-f9efe039-70ce-49b9-a1a8-bee3de1d2b34,"{<resource_manager.instance.OnPremInstance object at 0x120b03770>: [(5, 33183.440000000184, None)]}",307.9037058422363,150536.55091306902,33183.440000000184,23394.099524028992,3,136.52311202372803,33183.440000000184,51134.86400000018,True,172.92859989572804,36.405487871999995
lamf-test-8f4c62d4-1881-4ae7-91f8-3b9d5e4e648b,"{<resource_manager.instance.OnPremInstance object at 0x120b03770>: [(6, 33394.24000000017, None)]}",53.33256697567134,37541.21210728471,33394.24000000017,23413.15701021099,2,17.989147318716835,33394.24000000017,37556.6121072847,False,,
lamf-test-920c97be-abc7-45c8-bf90-73719c07896c,"{<resource_manager.instance.OnPremInstance object at 0x120b03770>: [(3, 33664.840000000164, None)]}",49.27955402462038,37625.41598719075,33664.840000000164,23420.41039840599,2,9.70101686394928,33664.840000000164,36672.17800000016,True,13.360345742349274,3.6593288783999953
lamf-test-915cb3ce-20ce-43ae-8b31-7f523a6333eb,"{<resource_manager.instance.OnPremInstance object at 0x120b03770>: [(2, 33694.840000000164, None)]}",71.69092063889612,37459.07028861646,33694.840000000164,23421.72297378999,3,11.497848623062707,33694.840000000164,37474.47028861645,False,,
lamf-test-eb592d2c-c121-4645-b005-4e7f00d8eb14,"{<resource_manager.instance.OnPremInstance object at 0x120b03770>: [(5, 33815.04000000016, None)]}",65.43723826831173,37759.49310210881,33815.04000000016,23425.68003414699,1,43.79241927142747,33815.04000000016,37143.51700000016,True,50.542570627427466,6.750151355999997
lamf-test-821bad57-9b5b-4590-ab6a-b75593f800f8,"{<resource_manager.instance.OnPremInstance object at 0x120b03770>: [(4, 34446.64000000014, None)]}",293.93899056747387,151287.0548437045,34446.64000000014,23426.71246542699,3,211.90070727811994,34446.64000000014,69275.17000000013,True,268.4065143501199,56.50580707199998
lamf-test-2ec8c349-ada1-458e-a7a4-ab9b6322b2cf,"{<resource_manager.instance.OnPremInstance object at 0x120b03770>: [(4, 34626.840000000135, None)]}",57.00450481534605,38135.27775370413,34626.840000000135,23979.09415821699,2,3.4884765734162286,34626.840000000135,35584.64400000013,True,5.042417783016223,1.5539412095999943
lamf-test-3d742955-a0c8-4cdc-8c38-f5e5804b4cff,"{<resource_manager.instance.OnPremInstance object at 0x120b03770>: [(4, 34747.24000000013, None)]}",303.65987588610506,151821.8102002234,34747.24000000013,23982.32160868899,1,94.57858529165716,34747.24000000013,43694.10200000013,True,109.09397420045717,14.515388908800002
lamf-test-b18ea74a-e7ea-41d7-821c-d4f1a5e50746,"{<resource_manager.instance.OnPremInstance object at 0x120b03770>: [(4, 35107.440000000126, None)]}",93.66823018165961,54913.329153198036,35107.440000000126,23995.29686991699,3,50.560060841128596,35107.440000000126,43417.618000000126,True,64.0424936283286,13.482432787199999
lamf-test-cf4eee4f-df46-4434-9c29-6bf0f44daf4d,"{<resource_manager.instance.OnPremInstance object at 0x120b03770>: [(6, 36490.64000000008, None)]}",53.667029478259835,38098.825418757304,36490.64000000008,23998.84323915699,2,7.016892418491228,36490.64000000008,38114.2254187573,False,,
lamf-test-7c801ce0-8eb2-4e0d-9312-eaf55e74d22a,"{<resource_manager.instance.CloudOnDemandInstance object at 0x120b223f0>: [(1, 36520.64000000008, None)], <resource_manager.instance.CloudOnDemandInstance object at 0x120b03b60>: [(1, 36520.64000000008, None)]}",282.54429039316733,151709.86832211376,36520.64000000008,24002.09652777999,2,402.29086878267515,36921.17600000008,144114.66333474652,True,731.4640237729984,329.17315499032327
lamf-test-4d1918b0-1458-45e2-b527-a49166860d07,"{<resource_manager.instance.OnPremInstance object at 0x120b03770>: [(6, 36951.576000000074, None)]}",99.90881249240506,55140.77653061897,36951.576000000074,24005.707735965992,2,33.2581214067656,36951.576000000074,44646.92000000007,True,51.9855105651656,18.727389158399994
lamf-test-4fd50982-b738-4cdf-bdb5-50cd3dff6874,"{<resource_manager.instance.OnPremInstance object at 0x120b03770>: [(2, 36981.576000000074, None)]}",66.98837614575113,38242.370730150185,36981.576000000074,24007.732421946992,2,3.4692967813976976,36981.576000000074,38257.77073015018,False,,
lamf-test-308f236e-0576-4952-874f-b146870f6d77,"{<resource_manager.instance.OnPremInstance object at 0x120b03770>: [(3, 37011.576000000074, None)]}",296.126707886245,151548.70281675862,37011.576000000074,24013.83014089299,3,56.66769336071183,37011.576000000074,49430.30100000007,True,71.77879794071183,15.11110458
lamf-test-17fee575-0b26-45f7-83d5-67d080c53e61,"{<resource_manager.instance.OnPremInstance object at 0x120b03770>: [(5, 37041.576000000074, None)]}",339.37001802300927,151849.15731205026,37041.576000000074,24027.12128991399,3,117.07794509088141,37041.576000000074,52436.15500000007,True,148.29815130288142,31.220206211999994
lamf-test-c8945c61-1ea7-4681-928a-edc22713889d,"{<resource_manager.instance.OnPremInstance object at 0x120b03770>: [(5, 37161.576000000074, None)]}",305.7727422550137,151855.6483966211,37161.576000000074,24028.12128991399,2,29.898375145437022,37161.576000000074,44632.81100000007,True,45.05003972543701,15.151664579999986
lamf-test-416bbbfd-81e6-4f7c-9a56-8c0e7175f623,"{<resource_manager.instance.OnPremInstance object at 0x120b03770>: [(3, 37191.77600000007, None)]}",318.1012839054559,152233.46522467982,37191.77600000007,24575.79180121999,2,32.12001484338142,37191.77600000007,47149.05600000007,True,44.23603314738142,12.116018303999999
lamf-test-3e7fd149-2562-452d-b778-aa63ebe3ca13,"{<resource_manager.instance.OnPremInstance object at 0x120b03770>: [(2, 37221.77600000007, None)]}",306.14407437283273,152285.98628621688,37221.77600000007,24577.652580331993,2,51.32128922812108,37221.77600000007,56100.51800000007,True,66.63572473852108,15.3144355104
lamf-test-e18205c9-e6f7-4d1b-94fe-6bdf96998c05,"{<resource_manager.instance.OnPremInstance object at 0x120b03770>: [(6, 37401.77600000007, None)]}",110.9772195614234,55807.25478061607,37401.77600000007,24588.264345121992,1,90.58486242299784,37401.77600000007,43155.884000000064,True,104.58805965179783,14.003197228799984
lamf-test-55230e23-b521-4f16-a8cb-73a7c6580475,"{<resource_manager.instance.OnPremInstance object at 0x120b03770>: [(4, 37521.97600000007, None)]}",312.3489385286271,152154.91304461713,37521.97600000007,24589.264345121992,2,81.65945778501559,37521.97600000007,59942.58100000007,True,118.0346473370156,36.375189552
lamf-test-56207b5b-5fb7-4cc8-b917-b36e1b064de2,"{<resource_manager.instance.OnPremInstance object at 0x120b03770>: [(5, 37581.97600000007, None)]}",317.0752713451876,152309.72362056852,37581.97600000007,24593.761438985992,2,55.86251039931242,37581.97600000007,51541.32800000007,True,84.17207625531242,28.309565855999995
lamf-test-2148cf4d-7170-4032-92ad-bc67bc5cec9e,"{<resource_manager.instance.OnPremInstance object at 0x120b03770>: [(3, 37642.176000000065, None)]}",290.5571510371029,152047.39006148232,37642.176000000065,24605.795930498993,3,93.1315035363906,37642.176000000065,58051.945000000065,True,117.9661104555906,24.834606919200002
lamf-test-6f91592c-afdd-4bec-8b7a-080c324249f5,"{<resource_manager.instance.OnPremInstance object at 0x120b03770>: [(5, 37702.37600000006, None)]}",112.19170754417485,55754.47683933472,37702.37600000006,24609.161393939994,3,59.551463989656995,37702.37600000006,45532.79800000006,True,75.43155980565699,15.880095815999995
lamf-test-58f4bde2-1252-4878-b4ed-54f9ec3d6ddb,"{<resource_manager.instance.OnPremInstance object at 0x120b03770>: [(3, 37762.57600000006, None)]}",306.6623561408906,152446.68980431138,37762.57600000006,24611.546040104993,3,68.29783253479349,37762.57600000006,52730.04600000005,True,86.51025003079349,18.212417495999993
lamf-test-9fd69545-924f-4ce5-9308-d2123ccec4dc,"{<resource_manager.instance.OnPremInstance object at 0x120b03770>: [(3, 37792.57600000006, None)]}",61.631240803228884,38735.77475267814,37792.57600000006,24613.846731416994,1,7.6547926862269176,37792.57600000006,38751.17475267813,False,,
lamf-test-927fb6c3-ba3c-488b-96a5-466be1c02fa9,"{<resource_manager.instance.CloudReservedInstance object at 0x120b03cb0>: [(1, 38063.17600000005, None)], <resource_manager.instance.CloudOnDemandInstance object at 0x120d011d0>: [(4, 38063.17600000005, None)], <resource_manager.instance.CloudOnDemandInstance object at 0x120b03b60>: [(1, 38063.17600000005, None)]}",330.8093779162473,152180.90557380614,38063.17600000005,24618.099271970994,1,865.1052232759914,38063.17600000005,152196.30557380617,False,,
lamf-test-1e5c4d41-c6bb-47f9-a0f9-f492c659a647,"{<resource_manager.instance.OnPremInstance object at 0x120b03770>: [(6, 38303.37600000005, None)]}",295.19389174920065,152419.95303093595,38303.37600000005,24620.652401369494,3,63.61876340406112,38303.37600000005,45274.402000000046,True,80.58345227766111,16.964688873599997
lamf-test-5fc71200-6539-46cf-9073-1ac0b6be235f,"{<resource_manager.instance.OnPremInstance object at 0x120b03770>: [(5, 38363.576000000045, None)]}",298.6298021940167,152092.13981811592,38363.576000000045,24621.652401369494,2,57.8950597464744,38363.576000000045,52830.83700000004,True,87.23466505447439,29.339605307999996
lamf-test-d81a676f-ccce-4b38-95bc-838588f989f1,"{<resource_manager.instance.OnPremInstance object at 0x120b03770>: [(3, 38393.77600000004, None)]}",93.67827368323229,55680.07694988487,38393.77600000004,24629.767561197496,1,37.452810860141426,38393.77600000004,43083.93800000004,True,43.15979998174142,5.706989121599996
lamf-test-bff6c6c8-6ce7-4a14-8d30-c8d69887c972,"{<resource_manager.instance.OnPremInstance object at 0x120b03770>: [(4, 38544.176000000036, None)]}",62.55972404682857,38666.23770983922,38544.176000000036,24631.663556979496,2,0.5006577071255752,38544.176000000036,38681.63770983921,False,,
lamf-test-8aea85bd-3d6c-4aba-b7de-dd2346b0e93e,"{<resource_manager.instance.OnPremInstance object at 0x120b03770>: [(6, 38784.976000000024, None)]}",302.51103083949494,152267.8656593406,38784.976000000024,24634.197188514496,1,313.7439288158795,38784.976000000024,58714.53600000002,True,362.2445060318795,48.500577215999996
lamf-test-f3f23406-4146-4e8a-b0d6-831939b9a4ea,"{<resource_manager.instance.OnPremInstance object at 0x120b03770>: [(5, 38935.37600000002, None)]}",57.3172776265575,39221.87311361174,38935.37600000002,25188.544864191495,1,3.9720283409253327,38935.37600000002,39237.273113611736,False,,
lamf-test-232b6ce2-ea24-476c-b62f-210ae1decc5b,"{<resource_manager.instance.OnPremInstance object at 0x120b03770>: [(4, 39265.576000000015, None)]}",311.1617610976437,153509.48148798232,39265.576000000015,25779.899368995495,2,50.83237650429832,39265.576000000015,53222.22800000002,True,73.47564870909832,22.643272204800002
lamf-test-28862540-93f6-42de-8ec4-72cbed9815ad,"{<resource_manager.instance.OnPremInstance object at 0x120b03770>: [(6, 39325.576000000015, None)]}",315.0001679546882,153214.04220490265,39325.576000000015,25794.502167276496,3,113.8163358430299,39325.576000000015,51797.00100000002,True,144.1667957230299,30.35045988000001
lamf-test-5c2155b4-aa4a-428b-9192-860339f49ef5,"{<resource_manager.instance.CloudReservedInstance object at 0x120d04290>: [(2, 39355.77600000001, None)]}",326.1375748222798,153604.71250191453,39355.77600000001,25830.002927286496,3,164.7657805250999,39355.77600000001,93518.40720311349,True,283.1002971776622,118.3345166525623
lamf-test-8d46ff55-9a1d-4004-b52e-0bb94df560fe,"{<resource_manager.instance.OnPremInstance object at 0x120b03770>: [(3, 39445.97600000001, None)]}",314.6188735020299,154052.50178856403,39445.97600000001,26376.651301139995,1,111.20986082591834,39445.97600000001,53372.62800000001,True,128.15581097951835,16.945950153600002
lamf-test-b036c054-ee21-47f6-aca9-95247c096cfe,"{<resource_manager.instance.OnPremInstance object at 0x120b03770>: [(6, 39806.776, None)]}",40.69689972228568,40618.63512542151,39806.776,26381.257810152496,3,7.549706825658294,39806.776,40634.035125421506,False,,
lamf-test-12047e13-b691-4e4d-bcc8-16e2900e16aa,"{<resource_manager.instance.CloudReservedInstance object at 0x120d01310>: [(2, 39836.776, None)], <resource_manager.instance.CloudReservedInstance object at 0x120d01090>: [(1, 39836.776, None)]}",306.19560311302496,153793.16723206965,39836.776,26389.958471631497,1,375.57628478490074,39836.776,136040.3974669479,True,478.860492791816,103.28420800691528
lamf-test-e050ad2a-f776-4985-ad86-c1f9e8bbb5cd,"{<resource_manager.instance.OnPremInstance object at 0x120b03770>: [(3, 39866.776, None)]}",326.0139069441622,153892.30194845804,39866.776,26401.270499280497,3,118.18283367556465,39866.776,65766.544,True,149.69767137796464,31.514837702399998
lamf-test-5a75690c-b8ed-48d0-b610-f947c287d86c,"{<resource_manager.instance.OnPremInstance object at 0x120b03770>: [(5, 40136.975999999995, None)]}",56.45454017440447,40554.80036797487,40136.975999999995,26402.757711789498,3,3.294732435735582,40136.975999999995,40570.20036797487,False,,
lamf-test-62ab7363-ee6e-4e41-9bd6-da86db171176,"{<resource_manager.instance.OnPremInstance object at 0x120b03770>: [(6, 40707.77599999998, None)]}",317.6880653321237,154290.71088237994,40707.77599999998,26418.006865563497,3,190.87362993383513,40707.77599999998,61622.75399999997,True,241.7723203946351,50.898690460799976
lamf-test-e000b273-6e93-45bd-85e3-de8e007da692,"{<resource_manager.instance.OnPremInstance object at 0x120b03770>: [(3, 40737.77599999998, None)]}",284.69120725614476,154909.27967332926,40737.77599999998,26978.488476218998,3,104.48785763175904,40737.77599999998,63636.28999999998,True,132.35076946695904,27.862911835199995
lamf-test-62c9483c-2445-4359-99d9-4d8c66a14529,"{<resource_manager.instance.OnPremInstance object at 0x120b03770>: [(3, 40798.17599999998, None)]}",345.02192360533996,154708.2013099525,40798.17599999998,26982.903037908498,2,25.681882949434968,40798.17599999998,48759.61999999997,True,35.369368008634964,9.687485059199995
lamf-test-1f9296c3-4641-4962-ac2a-3bdd3909621e,"{<resource_manager.instance.OnPremInstance object at 0x120b03770>: [(2, 42030.77599999994, None)]}",333.675220822951,154827.85489926062,42030.77599999994,26995.2225368525,2,22.94837840235518,42030.77599999994,50472.42899999993,True,29.79624731595517,6.847868913599993
lamf-test-9673f22e-b964-4aa7-bb78-d1e21e110802,"{<resource_manager.instance.OnPremInstance object at 0x120b03770>: [(3, 42301.57599999993, None)]}",52.254300807909324,41172.699156894654,42301.57599999993,27018.0693128615,1,0.12297513118863707,42301.57599999993,42316.97599999992,False,,
lamf-test-5f1a507d-a26f-433c-85e6-51ac89f0d432,"{<resource_manager.instance.CloudReservedInstance object at 0x120d01090>: [(1, 42331.57599999993, None)], <resource_manager.instance.CloudReservedInstance object at 0x120b222c0>: [(1, 42331.57599999993, None)], <resource_manager.instance.CloudOnDemandInstance object at 0x120b22780>: [(1, 42331.57599999993, None)], <resource_manager.instance.CloudOnDemandInstance object at 0x120d016d0>: [(1, 42331.57599999993, None)]}",64.02975273459877,43685.319587614125,42331.57599999993,29409.545207016497,3,5.900433743869305,42331.57599999993,43700.71958761412,False,,
lamf-test-b2a69e4a-f75e-4751-ad43-b2adf397fd45,"{<resource_manager.instance.OnPremInstance object at 0x120b03770>: [(5, 42361.775999999925, None)]}",99.34731245959347,67271.63344922618,42361.775999999925,35992.7371005365,1,53.258449311734786,42361.775999999925,46409.72599999993,True,61.467691911734796,8.209242600000008
