,instances,budget,deadline,sched_start_time,submit_time,software_id,current_license_cost,exec_start_time,finish_time,complete,license_cost,cost,hardware_cost
lamf-test-ce4837ee-c9b5-4728-816b-793fbe63012e,"{<resource_manager.instance.OnPremInstance object at 0x12fec3b60>: [(5, 30, 390), (2, 390, None), (8, 3840, None)]}",64.81020493737797,14109.368596154949,30,1.0,1,57.310061601642715,30,6016.852000000001,True,80.64649722412352,93.00452893612352,12.358031712000002
lamf-test-fdbe52b3-5ac4-4817-bbd7-3ee39ada2008,"{<resource_manager.instance.OnPremInstance object at 0x12fec3b60>: [(3, 1200, 4680), (1, 4680, None)]}",309.54978900857253,128656.5398487731,1200,1171.302179692,1,27.78918548939083,1200,70462.742,True,212.89538778614343,243.81133194134344,30.9159441552
lamf-test-312a25ed-966e-4a84-89af-21712bfc7175,"{<resource_manager.instance.OnPremInstance object at 0x12fec3b60>: [(4, 6600, 11070), (1, 11070, None)]}",330.5774711754339,133935.0853214728,6600,6577.1302594300005,1,47.25302304357746,6600,27431.878,True,93.29374750931629,107.18225322611629,13.888505716800001
lamf-test-6d60a076-8aec-42f5-ae5c-3923b3793c72,"{<resource_manager.instance.OnPremInstance object at 0x12fec3b60>: [(5, 6630, None)]}",295.26855467250385,134211.33692179818,6630,6591.668185825,1,214.2718083504449,6630,26089.311840722996,True,256.02410437638434,295.4875887893706,39.46348441298623
lamf-test-f42e0220-9054-4dba-814a-9d6b93e25e15,"{<resource_manager.instance.OnPremInstance object at 0x12fec3b60>: [(2, 6660, 9660), (1, 9660, None)]}",293.5168981771201,134390.7742238302,6660,6603.930433171,3,9.126169290440338,6660,45284.59299999999,True,63.31218039394629,80.19511531474629,16.882934920799997
lamf-test-c2212f64-c788-46d9-9572-57170e08d2ac,"{<resource_manager.instance.OnPremInstance object at 0x12fec3b60>: [(4, 7200, None), (6, 8460, None)]}",57.825321252479114,21342.615382404045,7200,7179.872112031,3,7.665982203969882,7200,8753.835000000001,True,12.13529545973079,15.371314219730793,3.236018760000004
lamf-test-0aa73555-99c3-40be-a09f-6bf3df006265,"{<resource_manager.instance.OnPremInstance object at 0x12fec3b60>: [(6, 7230, None)]}",310.4901833144852,135044.38629492297,7230,7192.968239941,3,,7230,23115.188000000002,True,144.97091489847136,183.62910841527136,38.658193516800004
lamf-test-761a035c-9b31-431d-b128-35fe1a248496,"{<resource_manager.instance.OnPremInstance object at 0x12fec3b60>: [(4, 7800, None)]}",281.9460745575701,135744.02352351462,7800,7782.749092321001,1,258.5495140314853,7800,34384.424999999996,True,281.0278405201916,324.1584116401916,43.13057111999999
lamf-test-c947c209-c0e1-414b-aa78-1430406df6ae,"{<resource_manager.instance.OnPremInstance object at 0x12fec3b60>: [(2, 7830, 8490), (1, 8490, None), (11, 12360, None)]}",91.00759406898061,38844.58517454064,7830,7799.768675287,3,24.3212411590235,7830,14127.894,True,40.16233629933836,50.87209397613836,10.7097576768
lamf-test-a35e3102-219f-4336-95ce-4d87e6b5e69c,"{<resource_manager.instance.OnPremInstance object at 0x12fec3b60>: [(6, 8400, 9690), (1, 9690, None)]}",88.24903114605627,39606.92996593473,8400,8398.507190386,3,18.115446041524066,8400,21653.818000000003,True,29.970063122670926,37.961931703470924,7.991868580800001
lamf-test-1b5247ff-56d3-4066-aafc-ee4137f1169c,"{<resource_manager.instance.OnPremInstance object at 0x12fec3b60>: [(3, 8430, 9390), (2, 9390, None), (10, 13680, None)]}",98.97570184637311,39749.63647781776,8430,8392.822984597,3,30.025096965548713,8430,16941.481365149953,True,76.96064549669092,97.48310359714877,20.522458100457854
lamf-test-8d2ae00d-f906-47ac-81a5-138a54772bef,"{<resource_manager.instance.OnPremInstance object at 0x12fec3b60>: [(2, 8460, 10470), (1, 10470, None)]}",310.3508838593914,136208.04312454746,8460,8399.507190386,3,6.114533424595026,8460,64144.399,True,87.75480873070194,111.15565696510194,23.400848234399998
lamf-test-b41bc5e6-51fb-4710-b8ea-caebbe600cb8,"{<resource_manager.instance.OnPremInstance object at 0x12fec3b60>: [(6, 8490, 10500), (2, 10500, None)]}",308.5846884800438,136504.48164201414,8490,8404.267885883,2,8.686918223226783,8490,15973.935,True,23.567644987273614,32.899637059273616,9.331992072
lamf-test-8a5bf643-d5be-430a-ac2f-d8a1f25fa6d3,"{<resource_manager.instance.OnPremInstance object at 0x12fec3b60>: [(3, 9000, 11010), (1, 11010, None)]}",322.3613792231315,136697.58328659934,9000,8990.424422789001,2,6.483821870550658,9000,40964.176,True,67.26193669825952,81.85711848385952,14.595181785600001
lamf-test-cbef53e7-aa65-412f-b9a4-02aefd0bda1b,"{<resource_manager.instance.OnPremInstance object at 0x12fec3b60>: [(2, 9030, None), (4, 14310, None)]}",89.7921856815224,40250.37312880927,9030,9001.644101024001,1,28.510152863335616,9030,16872.014946059982,True,69.42757157750371,79.94562715023528,10.518055572731573
lamf-test-1faee22d-4d95-436a-a021-6148365dd51b,"{<resource_manager.instance.OnPremInstance object at 0x12fec3b60>: [(2, 9060, None)]}",300.8642397517245,136440.71197832012,9060,9025.275621419001,3,,9060,43697.921,True,105.37051030496615,133.46879182016613,28.0982815152
lamf-test-decf70b3-3bab-4cf4-b55a-9508b27560e7,"{<resource_manager.instance.OnPremInstance object at 0x12fec3b60>: [(3, 9090, None)]}",317.6420201174764,136575.73030865265,9090,9006.666152261001,2,,9090,32841.023,True,76.61562307231428,105.51586785871427,28.900244786400002
lamf-test-17aa2292-304e-4763-ab73-533f31d66f3d,"{<resource_manager.instance.OnPremInstance object at 0x12fec3b60>: [(5, 9600, 10890), (2, 10890, None)]}",100.9864715008785,40762.619708353486,9600,9592.887218405001,2,5.162319741998986,9600,15536.408,True,17.793439381213062,24.178725550813063,6.3852861696
lamf-test-17be3ad6-6cd4-4c64-93c6-3fc4d170d157,"{<resource_manager.instance.OnPremInstance object at 0x12fec3b60>: [(2, 9630, None), (4, 11340, None)]}",64.77903730143166,23576.01561001035,9630,9601.643590595002,2,7.510867224427534,9630,14048.641000000001,True,21.877249113345723,29.856149850945727,7.978900737600004
lamf-test-ee649544-0852-4484-9313-a2ec39aaf5e5,"{<resource_manager.instance.OnPremInstance object at 0x12fec3b60>: [(4, 9660, None)]}",94.51083597672981,40658.733462281896,9660,9628.380881147003,1,39.32466347250742,9660,15351.974000000002,True,60.1706887215758,69.4053473391758,9.234658617600003
lamf-test-410c24b3-e037-404b-8fa3-3b9be7b4adaa,"{<resource_manager.instance.OnPremInstance object at 0x12fec3b60>: [(5, 9690, 11130), (1, 11130, None)]}",105.56808496111117,40761.38989093228,9690,9604.733065808003,3,10.951403148528405,9690,12723.282,True,13.374830025096964,16.941385204296964,3.5665551791999994
lamf-test-585c2356-1279-476b-b41a-cbdb8ebd0ee3,"{<resource_manager.instance.OnPremInstance object at 0x12fec3b60>: [(4, 9720, 12210), (1, 12210, None)]}",290.6639501784463,137159.08344680842,9720,9585.197718427502,2,9.0689814072675,9720,51523.547000000006,True,88.83760110992698,108.82295177312699,19.985350663200002
lamf-test-dbfc6e86-f385-4c1b-a2d1-36902c12232e,"{<resource_manager.instance.OnPremInstance object at 0x12fec3b60>: [(2, 9750, None)]}",332.81097832014945,137421.10191814203,9750,9620.998325945002,3,,9750,56000.428,True,140.69641189444062,178.2147590880406,37.5183471936
lamf-test-3e8d9edc-8d07-4ff0-a6aa-1b9473f39dae,"{<resource_manager.instance.OnPremInstance object at 0x12fec3b60>: [(5, 10200, 11250), (1, 11250, None), (11, 11970, None)]}",46.55013787044631,24371.986389988386,10200,10185.108530309002,1,41.34382842801734,10200,13411.064887384675,True,61.21308566257932,70.648468682458,9.435383019878689
lamf-test-7b6d3b7a-f2bc-4206-bf5c-c8e1aaff27be,"{<resource_manager.instance.OnPremInstance object at 0x12fec3b60>: [(3, 10230, 11040), (2, 11040, None)]}",57.77199384513077,24390.189517886465,10230,10213.347309182001,2,2.612883440371161,10230,11741.369000000002,True,4.519533857260072,6.074092390060073,1.554558532800002
lamf-test-8daeea4f-cbbf-4fb6-b9f3-5857c1ab865e,"{<resource_manager.instance.OnPremInstance object at 0x12fec3b60>: [(4, 10260, 10860), (2, 10860, None)]}",56.56222725445129,24429.241597491422,10260,10208.852495108002,1,6.342687656856034,10260,14632.168,True,26.71107521484523,30.744497896445232,4.033422681599999
lamf-test-665b3cd3-6953-4941-a220-b425974f248a,"{<resource_manager.instance.OnPremInstance object at 0x12fec3b60>: [(3, 10290, 23425.896), (1, 23425.896, None)]}",295.24467469152273,137785.6656632853,10290,10211.729714756002,3,59.94020533880903,10290,26415.188,True,64.4870028139022,81.6832179019022,17.196215088
lamf-test-e86f1528-c4b7-428d-9220-137c2eee5f81,"{<resource_manager.instance.OnPremInstance object at 0x12fec3b60>: [(5, 10320, 20995.896), (1, 20995.896, None)]}",291.443531643958,138161.00063109305,10320,10221.972138386001,2,42.72278192583567,10320,63280.845,True,128.52048458358237,167.32197698598236,38.8014924024
lamf-test-905b51bb-7f4b-480b-babc-216c95cb3e5c,"{<resource_manager.instance.OnPremInstance object at 0x12fec3b60>: [(4, 10800, None)]}",76.07511246679637,24920.890057000153,10800,10783.97867417,3,12.411590234998858,10800,13568.969000000001,True,16.846719902654197,21.3390952082542,4.492375305600001
lamf-test-d53de693-fd3a-47ec-b96e-28dcf292d471,"{<resource_manager.instance.OnPremInstance object at 0x12fec3b60>: [(4, 10830, None)]}",82.04480128359563,41959.72831595221,10830,10796.912052227,2,,10830,19494.185999999998,True,31.556362145826252,45.613137512226245,14.056775366399997
lamf-test-d608e81f-e921-488f-9511-ac29f6be8717,"{<resource_manager.instance.OnPremInstance object at 0x12fec3b60>: [(4, 10860, None)]}",290.8535591080783,138836.7313843095,10860,10802.585843102,3,,10860,19796.862,True,54.372877024868814,68.87204193366881,14.499164908800001
lamf-test-794e981d-7b48-479b-88a9-08c76168b3f4,"{<resource_manager.instance.OnPremInstance object at 0x12fec3b60>: [(2, 11400, None)]}",55.43753343799916,25549.920663705878,11400,11372.180647079,3,3.832991101984941,11400,15408.055,True,12.192729485131949,15.444063701131949,3.251334216
lamf-test-d89dd74a-ca32-43e3-9fdb-057b16e15c3a,"{<resource_manager.instance.OnPremInstance object at 0x12fec3b60>: [(2, 11430, None)]}",52.589033620058174,25605.37809474601,11430,11397.473460182,1,6.317590691307323,11430,17854.001999999997,True,34.68736344969197,39.89851387209197,5.211150422399998
lamf-test-9d73df9e-a4e9-43ed-b3cd-731892da568c,"{<resource_manager.instance.OnPremInstance object at 0x12fec3b60>: [(6, 11460, 13050), (1, 13050, None), (3, 14340, None)]}",116.24356079750007,42524.32394567384,11460,11408.473166855,3,16.472735569244808,11460,14929.034,True,20.05648490379496,25.40478166539496,5.3482967615999994
lamf-test-700b88cb-1fe1-443f-85f3-4e83586778d7,"{<resource_manager.instance.OnPremInstance object at 0x12fec3b60>: [(2, 11490, None)]}",323.88597973304996,138697.00011543167,11490,11419.237496476999,1,,11490,43148.967,True,170.94734633812456,196.62910036852455,25.681754030399997
lamf-test-76901c5b-cc70-4a21-8b6a-aa4aa3dedd24,"{<resource_manager.instance.OnPremInstance object at 0x12fec3b60>: [(2, 12000, None)]}",295.82083300729096,139292.37464460867,12000,11988.615456340998,2,,12000,21647.071,True,26.225270783149604,34.050974778349605,7.8257039952
lamf-test-50c28631-c9b3-47d9-9e36-b5f64438ea4d,"{<resource_manager.instance.OnPremInstance object at 0x12fec3b60>: [(6, 12030, 12900), (2, 12900, None)]}",57.792712238435485,25908.37747992933,12030,12017.636755571999,3,7.939767282683093,12030,17364.572,True,21.521247243136358,27.260140049536357,5.7388928064
lamf-test-0ae28a41-e363-4bde-bdce-50f826df3b42,"{<resource_manager.instance.OnPremInstance object at 0x12fec3b60>: [(4, 12060, 13650), (1, 13650, None)]}",87.69850691765791,43287.70651195623,12060,12009.914119526999,3,9.673739447866756,12060,32748.205999999995,True,38.722649631150645,49.04849798475064,10.325848353599998
lamf-test-f6a7b87b-3fe2-4927-871e-a0cac1bfa236,"{<resource_manager.instance.OnPremInstance object at 0x12fec3b60>: [(3, 12090, None)]}",80.84812600328213,43335.47717382676,12090,12029.366987160998,3,,12090,20419.7,True,38.00912616929044,48.14470512929044,10.135578960000002
lamf-test-6ea3ccb6-5ec7-474a-bd76-4c0b7e74a8fd,"{<resource_manager.instance.OnPremInstance object at 0x12fec3b60>: [(4, 12120, None)]}",318.43627200467716,139514.37892093117,12120,12018.636755571999,3,,12120,21767.071,True,58.693868735265035,74.34527672566503,15.6514079904
lamf-test-9da27dae-e6dc-4f47-b706-a6e8a3713464,"{<resource_manager.instance.OnPremInstance object at 0x12fec3b60>: [(6, 12150, None)]}",296.9549680882063,139780.02772441573,12150,12015.376503147,3,,12150,17125.19,True,45.404426192105845,57.51204857610584,12.107622383999997
lamf-test-c0570041-d32e-4e8b-8d2d-a250dfe399fc,"{<resource_manager.instance.OnPremInstance object at 0x12fec3b60>: [(5, 12180, 23335.896), (1, 23335.896, None)]}",309.1917473885502,139821.59526735908,12180,11989.615456340998,1,146.77694182067077,12180,51803.762265491474,True,226.88273327425543,261.0534569195388,34.170723645283346
lamf-test-cacf2328-5a7f-4177-ad3a-d6767db7f233,"{<resource_manager.instance.OnPremInstance object at 0x12fec3b60>: [(5, 12210, None)]}",299.34289693362723,139899.40903746855,12210,11974.918577368999,2,47.52493982536961,12210,26271.842999999997,True,56.272658703713354,84.79007630771335,28.51741760399999
lamf-test-ca7252f0-85f2-4005-896c-fb17b2f26952,"{<resource_manager.instance.OnPremInstance object at 0x12fec3b60>: [(6, 12240, 22375.896), (2, 22375.896, None)]}",304.02222934164064,139988.88899722273,12240,11992.234884383999,1,159.56578234086243,12240,38737.022999999994,True,247.91014442162898,285.84900714962896,37.938862728
lamf-test-01aed4d0-4ac3-4934-b29d-300b9eb1cf38,"{<resource_manager.instance.CloudReservedInstance object at 0x1450c8710>: [(6, 12600, None)]}",48.38806555130056,26953.866216923067,12600,12590.274986097998,3,,12600,13765.723839839247,True,10.63859310827513,18.27921344411749,7.640620335842362
lamf-test-f035cec5-13b9-4feb-9d16-93fce26c2cc2,"{<resource_manager.instance.CloudReservedInstance object at 0x1450c11d0>: [(3, 12630, None)], <resource_manager.instance.CloudReservedInstance object at 0x12fec3e00>: [(1, 14190, None)], <resource_manager.instance.CloudReservedInstance object at 0x12fef6650>: [(1, 14190, None)], <resource_manager.instance.CloudOnDemandInstance object at 0x12fef68b0>: [(1, 14190, None)]}",59.50673849065216,26814.734272923793,12630,12607.724940654998,2,3.7559945875695067,12630,20493.577474246267,True,52.04839573136628,85.45145869180477,33.4030629604385
lamf-test-7dc86417-03bf-4f7d-b2cc-4f303d7c708b,"{<resource_manager.instance.CloudReservedInstance object at 0x1450c11d0>: [(3, 12660, None)], <resource_manager.instance.CloudReservedInstance object at 0x1450c0f50>: [(1, 12660, None)]}",122.20824587768153,43949.966655265416,12660,12611.308783707998,2,,12660,25853.601486759853,True,48.604766915742786,67.19191269029007,18.587145774547285
lamf-test-6e11c3c3-b9bf-4aa2-897f-6c03a891a9cd,"{<resource_manager.instance.OnPremInstance object at 0x12fec3b60>: [(5, 13200, 22975.896), (2, 22975.896, None)]}",323.10613238146993,140821.22064704046,13200,13186.626887895998,3,74.34706821811545,13200,30915.059221242893,True,98.49845074528221,124.76421703835445,26.265766293072236
lamf-test-6718dd63-82fd-49d3-b154-c2385c7724e4,"{<resource_manager.instance.OnPremInstance object at 0x12fec3b60>: [(4, 13230, 14280), (2, 14280, None)]}",53.92864783453742,27305.794091462296,13230,13203.034949700997,1,11.09970339949806,13230,18612.885,True,34.495766598220385,39.71412291022038,5.218356311999998
lamf-test-561c40aa-4fd2-4142-aa20-b41c53e185e4,"{<resource_manager.instance.OnPremInstance object at 0x12fec3b60>: [(2, 13260, None)]}",92.22367706149063,44509.15566448812,13260,13231.900470541997,2,,13260,21754.778000000002,True,23.09279710833911,29.98376102193911,6.890963913600001
lamf-test-c5a6ffed-1196-4516-a2cc-67f21c8eb5f5,"{<resource_manager.instance.CloudReservedInstance object at 0x1450c0f50>: [(2, 13290, None)]}",321.906162634098,140900.98845260282,13290,13201.637541744998,2,,13290,54481.90556131574,True,70.43543805168278,103.65259069632779,33.21715264464502
lamf-test-93fc33e5-0604-48d1-8efe-1dfc9145e379,"{<resource_manager.instance.CloudReservedInstance object at 0x1450c0f50>: [(3, 13320, None)], <resource_manager.instance.CloudReservedInstance object at 0x12fef63f0>: [(2, 13320, None)]}",318.63019504491797,140946.13151378403,13320,13230.900470541997,1,,13320,37054.66644562934,True,194.94592563145244,251.51038270467626,56.564457073223835
lamf-test-92b10550-cff6-47f7-a077-4b4db1587046,"{<resource_manager.instance.OnPremInstance object at 0x12fec3b60>: [(4, 13800, None)]}",81.64667311738593,44918.40247420569,13800,13786.267867897997,2,,13800,19037.222,True,19.07480680471178,27.571675777511782,8.496868972800002
lamf-test-0ee3ab93-6383-46f5-aeca-265dafdbd84c,"{<resource_manager.instance.OnPremInstance object at 0x12fec3b60>: [(5, 13830, None)]}",39.66592451958817,27936.236094017237,13830,13807.331431535997,3,,13830,16312.82697912345,True,18.88224944196099,23.917422555623347,5.035173113662357
lamf-test-29b14cf4-c2e0-462e-a5b2-16a34ab23f1f,"{<resource_manager.instance.CloudReservedInstance object at 0x1450c8710>: [(2, 13860, None)]}",89.42960233211319,44886.74173293996,13860,13806.331431535997,3,,13860,23808.445846444058,True,30.26373365714216,51.999098142453136,21.735364485310974
lamf-test-107c896d-ee0f-4ca2-89f1-19c67b8002a2,"{<resource_manager.instance.CloudReservedInstance object at 0x1450c8710>: [(2, 13890, None)]}",98.1671155759394,45053.99307238123,13890,13826.363790633997,3,,13890,17237.530372875943,True,10.183376295918906,17.497060654578263,7.3136843586593585
lamf-test-0ab21652-7e84-40ef-afc1-d04cb7c18425,"{<resource_manager.instance.CloudReservedInstance object at 0x1450c8710>: [(2, 13920, None)]}",99.9394489602227,45094.030108798506,13920,13825.363790633997,3,,13920,18537.013467589564,True,14.045215507155111,24.13246653114479,10.087251023989678
lamf-test-d81c27cf-4838-43c5-ac8d-f0f7d5a86a71,"{<resource_manager.instance.CloudReservedInstance object at 0x12fef63f0>: [(4, 13950, 39738.576), (1, 39738.576, None)]}",313.16578296695053,141492.74760206367,13950,13781.646970216998,3,156.9006068902578,13950,141508.14760206366,False,311.6949967329282,,
lamf-test-3484ce7d-9fee-4f95-9c2d-f871cc58413f,"{<resource_manager.instance.CloudReservedInstance object at 0x12fec3e00>: [(3, 13980, 41769.648), (1, 41769.648, None)]}",280.48808000057255,141546.26557749213,13980,13816.562133353997,3,84.53767738991557,13980,126131.60706100844,True,170.0822907303556,291.2510951016281,121.1688043712725
lamf-test-34f82a8b-288c-437f-910d-553d4a2c7dfc,"{<resource_manager.instance.CloudReservedInstance object at 0x12fec3e00>: [(2, 14010, None)]}",332.1651620956545,141624.80471014604,14010,13830.428700363997,1,,14010,39162.65569599012,True,92.45658924426617,128.7971461938327,36.340556949566526
lamf-test-aa879c60-c521-40a2-972a-cf0714098824,"{<resource_manager.instance.OnPremInstance object at 0x12fec3b60>: [(2, 14400, None)]}",56.99333448866139,28593.850740866917,14400,14376.476563131997,2,,14400,22255.119,True,21.353903460321096,27.725975993121097,6.372072532799999
lamf-test-a5bf6748-f8d5-4a59-badc-d9816f45493a,"{<resource_manager.instance.OnPremInstance object at 0x12fec3b60>: [(2, 14430, None)]}",54.40376906069801,28575.63360397256,14430,14419.243997875998,2,,14430,23414.549000000003,True,24.424224761015658,31.71249090981566,7.288266148800002
lamf-test-48feb4fc-2742-45dc-808f-e652fe900563,"{<resource_manager.instance.OnPremInstance object at 0x12fec3b60>: [(3, 14460, None)]}",41.254966979320166,28396.247405250848,14460,14431.315852028996,1,,14460,17995.777000000002,True,28.234587040839624,32.53692049443963,4.302333453600003
lamf-test-c8383b87-eaaf-4727-8a38-364a265a9c1b,"{<resource_manager.instance.OnPremInstance object at 0x12fec3b60>: [(2, 14490, None)]}",87.74670802746411,45433.39015280829,14490,14418.243997875998,2,,14490,28996.03,True,39.43420388825703,51.20149542425703,11.767291535999998
lamf-test-cfb32c98-2421-4b31-9da7-090b5212bb9a,"{<resource_manager.instance.CloudOnDemandInstance object at 0x12fef68b0>: [(6, 14520, None)]}",311.65623815536327,141901.25213916635,14520,14391.286869912998,1,1105.2853552361396,14920.536,104126.21062662432,True,1410.6384972021624,2609.462067933644,1198.8235707314814
lamf-test-c1ff5343-c068-4179-8505-1de35f1c5237,"{<resource_manager.instance.OnPremInstance object at 0x12fec3b60>: [(4, 14950.536, 29067.504), (1, 29067.504, None)]}",328.6266875432299,142089.18755465752,14950.536,14414.436639285997,2,51.416273220478026,14950.536,55058.456000000006,True,104.15286210669774,137.59816112109775,33.44529901440001
lamf-test-9d2ced27-20c6-49c1-84d1-76444fddb91f,"{<resource_manager.instance.OnPremInstance object at 0x12fec3b60>: [(3, 14980.536, None)]}",313.4023701696379,142090.62557702698,14980.536,14427.712795657997,2,,14980.536,35249.695999999996,True,65.38389199288088,90.04740588088087,24.663513887999997
lamf-test-d4b58a16-b6c8-4064-88b0-a3ec8e4212ba,"{<resource_manager.instance.OnPremInstance object at 0x12fec3b60>: [(2, 15010.536, None)]}",56.907858453854786,29373.404751380927,15010.536,14998.955465244997,2,,15010.536,19114.878,True,11.157529610454182,14.486971840854181,3.3294422304
lamf-test-bbc839c8-f836-4f9a-a8e0-6cb8342496f2,"{<resource_manager.instance.CloudOnDemandInstance object at 0x12fef68b0>: [(3, 15040.536, None)]}",114.4912360012796,46225.50364451938,15040.536,14997.955465244997,3,125.11572895277206,15441.072,45215.364267148405,True,137.69029553798038,339.5417917482429,201.85149621026252
lamf-test-2e0bd3ff-93cb-46df-ab43-ee2f13d4c7e1,"{<resource_manager.instance.OnPremInstance object at 0x12fec3b60>: [(3, 15471.072, None)]}",316.2487464140096,142101.42014452798,15471.072,14398.144110501999,1,,15471.072,24910.842999999997,True,75.3803296828656,86.86664303566559,11.486313352799996
lamf-test-26bbd872-e5de-48b0-8f8f-e6417ce7af20,"{<resource_manager.instance.OnPremInstance object at 0x12fec3b60>: [(2, 15501.072, None)]}",298.1380358381042,142248.68313491117,15501.072,15008.840068179998,2,,15501.072,44419.185,True,78.61301569799981,102.07138896359982,23.4583732656
lamf-test-6323d458-f602-48c5-98a5-f5c1a1584292,"{<resource_manager.instance.CloudOnDemandInstance object at 0x12fef68b0>: [(2, 15531.072, None)], <resource_manager.instance.CloudOnDemandInstance object at 0x1450c1590>: [(3, 15531.072, None)]}",313.6595923894348,142396.03225640085,15531.072,14428.712795657997,1,,15931.608,72746.49976103957,True,543.9142497627154,922.7948123963195,378.88056263360403
lamf-test-7a641bba-d417-49ff-88d9-3fe54ccc21c1,"{<resource_manager.instance.CloudOnDemandInstance object at 0x1450c1590>: [(5, 15961.608, None)]}",72.4727596207448,29774.349873304753,15961.608,15617.403939027998,1,,16362.144,27272.852265635793,True,75.70077537272414,116.46649970607552,40.76572433335139
lamf-test-05c2e1a5-42c3-4e97-863b-94fa07e33793,"{<resource_manager.instance.OnPremInstance object at 0x12fec3b60>: [(4, 16392.144, None)]}",91.04820322006628,46855.369896186785,16392.144,15581.917913937998,2,25.180999334320685,16392.144,27285.480000000003,True,39.67528580205533,57.34863412845533,17.673348326400003
lamf-test-75f66efa-1a77-47ea-a0c6-c0317f11e7c2,"{<resource_manager.instance.OnPremInstance object at 0x12fec3b60>: [(5, 16422.144, 23125.896), (1, 23125.896, None)]}",323.850834844211,142463.38209923613,16422.144,14408.049865164998,3,50.98297969427333,16422.144,28095.451000000005,True,58.541813065632375,74.15267362963237,15.610860564000001
lamf-test-032ba352-18f7-47d0-a6f0-b7f2f4956a0a,"{<resource_manager.instance.CloudOnDemandInstance object at 0x1450c1590>: [(4, 16452.144, None)], <resource_manager.instance.CloudOnDemandInstance object at 0x1450c1090>: [(2, 16452.144, None)]}",307.62274626708137,143019.71486614167,16452.144,15031.759145883998,3,335.711223667199,16852.68,126879.03310508329,True,447.8997707509652,963.4365366891749,515.5367659382097
lamf-test-a4d8ead1-b39f-46fe-9cfa-58d32f343ff0,"{<resource_manager.instance.CloudOnDemandInstance object at 0x1450c1090>: [(4, 16882.68, 24235.896), (1, 24235.896, None)]}",84.41713409588449,47975.65262694816,16882.68,16777.76006803,1,27.029085101528636,17283.216,24244.628996611395,False,27.038604681073085,,
lamf-test-98a6ab80-499b-4f3a-95f7-4dd7df820566,"{<resource_manager.instance.OnPremInstance object at 0x12fec3b60>: [(2, 17313.216, None)]}",105.87093398460661,47987.43438355306,17313.216,16813.939750653997,1,,17313.216,26180.372,True,47.8795403452734,55.0725772924734,7.1930369471999995
lamf-test-d2eb5728-b98d-4dc8-9b54-d5b61be5f0ce,"{<resource_manager.instance.OnPremInstance object at 0x12fec3b60>: [(4, 17343.216, 22315.896), (1, 22315.896, None)]}",294.31398108778467,143222.12513418397,17343.216,15596.825885784998,2,18.11130219449436,17343.216,56453.018,True,87.37676690978167,109.29045962498166,21.9136927152
lamf-test-3058457a-d1e2-4d92-baae-1c4c74ce602b,"{<resource_manager.instance.OnPremInstance object at 0x12fec3b60>: [(5, 17373.216, 28546.968), (1, 28546.968, None)]}",296.32729201787157,143394.90470026352,17373.216,15610.438985772998,2,44.71510119519431,17373.216,90912.83899999999,True,171.25772646948252,219.21369280308252,47.955966333599996
lamf-test-724d0d5f-301b-4490-8457-7773ef64d695,"{<resource_manager.instance.OnPremInstance object at 0x12fec3b60>: [(5, 17403.216, None)]}",109.55462846539683,48512.99725436336,17403.216,17401.762103125,2,,17403.216,20596.857132355155,True,12.78030749334652,19.25701170976277,6.476704216416254
lamf-test-a3da9951-7484-4541-a43a-d268b07d7f2b,"{<resource_manager.instance.OnPremInstance object at 0x12fec3b60>: [(4, 17433.216, None)]}",322.8627978188001,143927.94160941793,17433.216,16229.780558664997,2,,17433.216,32255.077,True,53.98360716068406,78.03059444708406,24.0469872864
lamf-test-3babe4ac-4db5-41c5-ad0c-7fee914c7ec7,"{<resource_manager.instance.OnPremInstance object at 0x12fec3b60>: [(3, 17463.216, 26346.432), (1, 26346.432, None)]}",293.72278396528714,143951.88167913823,17463.216,16180.937407953998,2,28.65531849832116,17463.216,47609.44700000001,True,71.79875089496917,91.23212700776918,19.433376112800005
lamf-test-efb02442-ed88-49c8-bf51-dea5e65f914e,"{<resource_manager.instance.OnPremInstance object at 0x12fec3b60>: [(2, 17493.216, None)]}",304.7860416350407,144123.40423471708,17493.216,16183.230610872997,3,,17493.216,62695.717000000004,True,137.50855882576622,174.1768276369662,36.6682688112
lamf-test-1393ec0f-c39a-48b5-8afc-5e45c5c5f7c7,"{<resource_manager.instance.CloudReservedInstance object at 0x1450c8710>: [(2, 17523.216, None)], <resource_manager.instance.CloudOnDemandInstance object at 0x1450c1090>: [(4, 17523.216, 23935.896)]}",354.69102159935267,144396.8135972511,17523.216,16780.738753563997,3,32.51289071412275,17523.216,23947.69257311695,False,32.54877655522686,,
lamf-test-151fcd56-358d-466c-9e97-a24b8c315d14,"{<resource_manager.instance.CloudOnDemandInstance object at 0x1450c1090>: [(2, 17553.216, None)], <resource_manager.instance.CloudOnDemandInstance object at 0x12fef6520>: [(2, 17553.216, 40308.576)]}",286.90020368365816,144666.34154034976,17553.216,17387.496303777996,1,167.2891322534033,17953.752,40317.59139708131,False,167.30673018417778,,
lamf-test-0b319882-7fad-4ae3-8912-b51a1940b68d,"{<resource_manager.instance.OnPremInstance object at 0x12fec3b60>: [(2, 17983.752, None)]}",309.96889456321867,144840.37460963023,17983.752,16829.125451499996,3,,17983.752,71877.31499999999,True,163.94725986767048,207.66571817327048,43.71845830559999
lamf-test-15ce12ce-cdd4-4322-97b9-e92908eec275,"{<resource_manager.instance.OnPremInstance object at 0x12fec3b60>: [(4, 18013.752, None)]}",62.79223748275714,32253.337588827577,18013.752,17983.320317656,2,16.980280021688248,18013.752,23245.772,True,19.055860282109123,27.544289530109126,8.488429248000001
lamf-test-6fdb4590-cea7-4d20-bffa-249d0757fa2a,"{<resource_manager.instance.CloudOnDemandInstance object at 0x12fef6520>: [(6, 18043.752, None)]}",88.08906902383775,49039.34461484366,18043.752,17991.998084799998,1,394.7608542094456,18444.288,49054.74461484366,False,488.19495560671055,,
lamf-test-ecaffeb0-92d2-4398-a844-9e4844c48df5,"{<resource_manager.instance.CloudOnDemandInstance object at 0x12fef6520>: [(3, 18474.288, 21265.896), (1, 21265.896, None)]}",106.56838267415606,49184.23460872483,18474.288,18023.146053202,1,22.29210130047913,18874.824,21278.595869129993,False,22.327837490136876,,
lamf-test-04f3f31f-b20f-4cb7-a3dd-c0c2f380b4cc,"{<resource_manager.instance.OnPremInstance object at 0x12fec3b60>: [(4, 18904.824, None)]}",63.69847192731158,32708.502037459562,18904.824,18609.707022238,3,28.41932922655715,18904.824,24258.257,True,32.570890562019926,41.25630026121993,8.685409699200001
lamf-test-38f0df60-c850-46c3-8ecc-b21d5524ac44,"{<resource_manager.instance.CloudReservedInstance object at 0x1450c8710>: [(2, 18934.824, None)], <resource_manager.instance.CloudOnDemandInstance object at 0x12fef6520>: [(1, 18934.824, None)], <resource_manager.instance.CloudOnDemandInstance object at 0x12fec3cb0>: [(3, 18934.824, None)]}",82.2505270696069,49294.134553974,18934.824,18022.104759039998,3,45.87122975131189,18934.824,38163.61569288811,True,146.2376735332581,312.5167268183387,166.27905328508064
lamf-test-2674780b-0edf-4613-bd86-e3e24ce33fcb,"{<resource_manager.instance.CloudOnDemandInstance object at 0x12fec3cb0>: [(5, 18964.824, None)]}",302.61464185285956,144891.29747559817,18964.824,17409.202560124,1,958.7376372347705,19365.36,144906.6974755982,False,1114.2473152073355,,
lamf-test-87f7683b-4f57-45f2-93ec-cd6117faec52,"{<resource_manager.instance.OnPremInstance object at 0x12fec3b60>: [(2, 19395.36, None)]}",62.86965238334432,33288.7683490393,19395.36,19225.293685654,1,,19395.36,21801.707,True,12.99343197201307,14.945460658413069,1.9520286863999983
lamf-test-9bb4d80d-2aee-48e9-ac53-5a922312b6c8,"{<resource_manager.instance.OnPremInstance object at 0x12fec3b60>: [(6, 19515.36, 21025.896), (1, 21025.896, None)]}",62.348183689222225,33396.704280200225,19515.36,19200.069911311,2,21.18012807412142,19515.36,33412.10428020022,False,31.660377837585916,,
lamf-test-c89d3402-a23f-46ae-8720-cd373edbf82e,"{<resource_manager.instance.CloudOnDemandInstance object at 0x12fec3cb0>: [(3, 19545.36, None)]}",59.063695813800784,33436.02632100755,19545.36,19207.14193756,3,23.244572210814507,19945.896,28702.894494042837,True,27.85773669189394,74.60511877708382,46.74738208518987
lamf-test-d4113937-9912-4267-ad39-f41249bcbcef,"{<resource_manager.instance.OnPremInstance object at 0x12fec3b60>: [(2, 19975.896, None)]}",44.164232744169574,33500.02051755558,19975.896,19178.382812131,3,,19975.896,28723.567000000006,True,26.61090881435852,33.70701952955852,7.0961107152000045
lamf-test-067d037c-dcca-41c3-b8b9-a8b36009d0a4,"{<resource_manager.instance.OnPremInstance object at 0x12fec3b60>: [(4, 20005.896, None)]}",61.80548621708826,33520.38287489427,20005.896,19231.268345926,2,20.3616333496625,20005.896,26142.894,True,22.351936047565395,32.30860160276539,9.956665555199999
lamf-test-5f552717-b86e-4e0e-9794-6b12cd0fea27,"{<resource_manager.instance.OnPremInstance object at 0x12fec3b60>: [(2, 20485.896, None), (6, 26976.432, None)]}",43.981392744961866,34056.97342558749,20485.896,19819.991609134006,2,17.644325840224532,20485.896,27681.115,True,22.605519392413555,30.15719759401356,7.551678201600003
lamf-test-60d40a4b-09c7-4a73-b379-b1d85406ff0e,"{<resource_manager.instance.CloudReservedInstance object at 0x1450c11d0>: [(3, 20545.896, None)], <resource_manager.instance.CloudReservedInstance object at 0x12fec3e00>: [(1, 20545.896, None)]}",57.165191884420324,34678.47844009151,20545.896,20380.293817135007,3,32.27060917180013,20545.896,32938.712832834695,True,40.841285478452356,62.25607296559071,21.414787487138355
lamf-test-198ba68c-5a75-4dd3-95a5-23cb4a91c31d,"{<resource_manager.instance.OnPremInstance object at 0x12fec3b60>: [(5, 20665.896, 21955.896), (1, 21955.896, None)]}",75.79076386942039,50353.08432748563,20665.896,19184.43099364,2,5.162319741998986,20665.896,27861.327999999998,True,17.14465650209635,22.15601972129635,5.011363219199999
lamf-test-a7986f20-c88c-442a-a9bb-9d4e408bd120,"{<resource_manager.instance.OnPremInstance object at 0x12fec3b60>: [(4, 21025.896, 22195.896), (1, 22195.896, None)]}",50.00049139574834,35104.77761918785,21025.896,20999.58637515201,1,12.368240930869268,21025.896,26759.920000000002,True,25.21095809567268,28.960334230072682,3.7493761344000003
lamf-test-78749043-3668-43d0-99ce-4ee040f7f664,"{<resource_manager.instance.OnPremInstance object at 0x12fec3b60>: [(2, 21055.896, None)]}",57.07835905715178,35150.36571331593,21055.896,21030.46842516201,2,,21055.896,24030.808,True,8.087208309759632,10.500456924159632,2.4132486144
lamf-test-6ca33400-5b63-4867-9fb5-39d7d8646a8a,"{<resource_manager.instance.CloudReservedInstance object at 0x12fef6650>: [(1, 21325.896, None)], <resource_manager.instance.CloudOnDemandInstance object at 0x12fef68b0>: [(1, 21325.896, None)], <resource_manager.instance.CloudOnDemandInstance object at 0x12fef6520>: [(3, 21325.896, None)], <resource_manager.instance.CloudOnDemandInstance object at 0x12fec3cb0>: [(1, 21325.896, None)]}",105.93846150050236,51052.69074658092,21325.896,19792.240635895003,1,402.6755488630314,21325.896,51068.090746580914,False,424.4899648217875,,
lamf-test-55d518fc-620c-44fe-a18a-2336d48b9fc1,"{<resource_manager.instance.OnPremInstance object at 0x12fec3b60>: [(3, 21355.896, None)]}",83.99778340603386,51144.02378820891,21355.896,19778.751669517,3,24.825626283367555,21355.896,29608.940000000002,True,37.659338352726444,47.70164229192645,10.042303939200004
lamf-test-225e7631-1dba-46ce-9a30-f911bc78acd8,"{<resource_manager.instance.OnPremInstance object at 0x12fec3b60>: [(5, 21805.896, 23065.896), (1, 23065.896, None)]}",48.6051907309817,36026.42788398341,21805.896,21628.03621421501,1,16.57768651608487,21805.896,27173.781000000003,True,28.136873146246867,32.35831130224687,4.2214381560000005
lamf-test-0ee69e3c-f7ac-4d00-b4dc-243374763ca6,"{<resource_manager.instance.OnPremInstance object at 0x12fec3b60>: [(2, 21865.896, None)]}",95.71047451977611,51604.07518279712,21865.896,20374.992682669006,3,,21865.896,24092.288000000004,True,6.772810099627358,8.57885929002736,1.8060491904000027
lamf-test-6012bbf1-8566-4834-b341-39822809aef2,"{<resource_manager.instance.OnPremInstance object at 0x12fec3b60>: [(5, 21925.896, 23365.896), (2, 23365.896, None)]}",93.62462651407313,51631.04145455073,21925.896,20424.835274032008,1,18.94592744695414,21925.896,39699.24199999999,True,107.1402818465282,123.31021212172818,16.16993027519999
lamf-test-92b1912c-cdf4-4496-9665-6c2a64a15900,"{<resource_manager.instance.OnPremInstance object at 0x12fec3b60>: [(5, 22195.896, None)]}",99.7921660649438,51769.834760108584,22195.896,20425.835274032008,3,,22195.896,27850.170000000002,True,43.00155144877939,54.46841912077939,11.466867672000001
lamf-test-58d64335-ff0b-41b5-93cb-bcafe6abca1b,"{<resource_manager.instance.OnPremInstance object at 0x12fec3b60>: [(6, 22315.896, 23155.896), (2, 23155.896, None)]}",83.27713277836911,52306.01131708196,22315.896,21021.06080593401,2,3.6303538843335805,22315.896,32534.21,True,29.125016890276303,38.7769292070763,9.651912316799999
lamf-test-bf2ee2bb-aeee-4553-ba75-b56c3562dc59,"{<resource_manager.instance.OnPremInstance object at 0x12fec3b60>: [(2, 22375.896, None)]}",94.73625576454592,52372.04455787813,22375.896,21008.08562713651,1,,22375.896,35127.579999999994,True,68.85463259563461,79.1987986564346,10.344166060799996
lamf-test-d56ac58c-44ed-4cac-88e0-685510119191,"{<resource_manager.instance.OnPremInstance object at 0x12fec3b60>: [(2, 22975.896, None)]}",70.70390367140996,36863.19211785286,22975.896,22801.193700125008,2,,22975.896,31078.567,True,22.0268660862736,28.5997528014736,6.572886715199998
lamf-test-093fc8c1-409b-4af5-91bd-f1586aa318b7,"{<resource_manager.instance.OnPremInstance object at 0x12fec3b60>: [(6, 23065.896, 23665.896), (1, 23665.896, None)]}",48.98947611555658,36961.46538968418,23065.896,22807.06035975201,1,9.445585215605751,23065.896,31410.319,True,31.23763411666286,35.83893208546286,4.601297968799999
lamf-test-b31f9afe-254c-4126-a484-8628eb9333c1,"{<resource_manager.instance.OnPremInstance object at 0x12fec3b60>: [(6, 23125.896, 23845.896), (2, 23845.896, None)]}",58.325064065435534,36994.1859374855,23125.896,22816.413440714008,1,11.3347022587269,23125.896,27392.051,True,30.482698684310588,35.111531620310586,4.628832935999999
lamf-test-65b278d1-c75b-4135-b5aa-f825706c680d,"{<resource_manager.instance.OnPremInstance object at 0x12fec3b60>: [(4, 23155.896, None)]}",46.808209305960055,37062.25494182334,23155.896,22835.959573848006,1,39.75317545060461,23155.896,30747.656,True,80.25360407635559,92.57047550035558,12.316871423999997
lamf-test-412a625e-1641-430d-83ff-ad06d8ff7ded,"{<resource_manager.instance.OnPremInstance object at 0x12fec3b60>: [(5, 23185.896, None)]}",48.58977843534464,37095.74544895428,23185.896,22814.05631269401,1,,23185.896,25243.404,True,27.07041478439422,31.243041008394215,4.172626223999996
lamf-test-5c0e0bc7-fda1-478e-8de8-178b5b80a83c,"{<resource_manager.instance.OnPremInstance object at 0x12fec3b60>: [(4, 23305.896, None)]}",109.02475346006189,52855.00319828281,23305.896,21604.78073914301,2,24.082494376777255,23305.896,30599.272,True,26.563651140646996,38.396424363047,11.8327732224
lamf-test-3231937d-3960-4134-90c2-f2e92cf6e932,"{<resource_manager.instance.OnPremInstance object at 0x12fec3b60>: [(2, 23335.896, None)]}",109.51414052886817,53774.864195424394,23335.896,22792.32450254501,2,,23335.896,35765.123999999996,True,33.788480454378835,43.87107020797883,10.082589753599995
lamf-test-5e0241b4-8be0-4af4-bde6-0b42fa40fc67,"{<resource_manager.instance.OnPremInstance object at 0x12fec3b60>: [(2, 23365.896, None)]}",98.3173256377796,54004.56589154836,23365.896,22800.193700125008,3,,23365.896,26279.422000000002,True,8.86311050269983,11.22656279389983,2.363452291200001
lamf-test-50bd9009-28ec-4253-bcf7-ae2b62692323,"{<resource_manager.instance.OnPremInstance object at 0x12fec3b60>: [(3, 23395.896, None)]}",96.71534015432012,54013.928274306636,23395.896,22834.938969726005,2,,23395.896,34059.532,True,34.398565331537974,47.37407761633797,12.975512284799999
lamf-test-915cb3ce-20ce-43ae-8b31-7f523a6333eb,"{<resource_manager.instance.OnPremInstance object at 0x12fec3b60>: [(2, 23425.896, None)]}",71.69092063889612,37455.294351217475,23425.896,23417.947036391008,3,,23425.896,31273.315,True,23.872291429006,30.238117721806,6.365826292799999
lamf-test-8f4c62d4-1881-4ae7-91f8-3b9d5e4e648b,"{<resource_manager.instance.OnPremInstance object at 0x12fec3b60>: [(6, 23665.896, 24726.432), (1, 24726.432, None)]}",53.33256697567134,37540.85853305072,23665.896,23412.803435977006,2,28.02211101279722,23665.896,37556.25853305071,False,30.615663002899097,,
lamf-test-920c97be-abc7-45c8-bf90-73719c07896c,"{<resource_manager.instance.OnPremInstance object at 0x12fec3b60>: [(3, 23845.896, None)]}",49.27955402462038,37618.80902476176,23845.896,23413.803435977006,2,,23845.896,28059.225000000002,True,13.591280954241464,18.718059681441467,5.126778727200002
lamf-test-eb592d2c-c121-4645-b005-4e7f00d8eb14,"{<resource_manager.instance.CloudReservedInstance object at 0x1450c8710>: [(4, 23935.896, None)], <resource_manager.instance.CloudOnDemandInstance object at 0x1450c1090>: [(1, 23935.896, None)]}",65.43723826831173,37761.920337549825,23935.896,23428.107269588007,1,,23935.896,32250.718838834542,True,96.96094774923034,140.71595682580096,43.755009076570616
lamf-test-cf4eee4f-df46-4434-9c29-6bf0f44daf4d,"{<resource_manager.instance.OnPremInstance object at 0x12fec3b60>: [(6, 24145.896, 24846.432), (2, 24846.432, None)]}",53.667029478259835,38103.76540396932,24145.896,24003.783224369006,2,3.0276114151375113,24145.896,31005.023999999998,True,19.76955752944918,26.470231769449178,6.700674239999998
lamf-test-2ec8c349-ada1-458e-a7a4-ab9b6322b2cf,"{<resource_manager.instance.CloudOnDemandInstance object at 0x1450c1090>: [(4, 24235.896, None)]}",57.00450481534605,38146.42884812115,24235.896,23990.245252634006,2,,24636.432,28364.30398543534,True,9.457941084242002,24.199495182315097,14.741554098073097
lamf-test-4fd50982-b738-4cdf-bdb5-50cd3dff6874,"{<resource_manager.instance.OnPremInstance object at 0x12fec3b60>: [(2, 24666.432, None), (4, 32528.04, None)]}",66.98837614575113,38251.7502923012,24666.432,24017.111984098006,2,21.371543610591775,24666.432,32821.443,True,23.237771818330074,30.32913376873007,7.091361950399996
lamf-test-bff6c6c8-6ce7-4a14-8d30-c8d69887c972,"{<resource_manager.instance.OnPremInstance object at 0x12fec3b60>: [(4, 24726.432, None)]}",62.55972404682857,38673.59497119424,24726.432,24639.02081833451,2,,24726.432,32678.111999999997,True,28.96130043234571,41.8621060643457,12.900805631999994
lamf-test-9fd69545-924f-4ce5-9308-d2123ccec4dc,"{<resource_manager.instance.OnPremInstance object at 0x12fec3b60>: [(3, 24756.432, 25686.432), (1, 25686.432, None)]}",61.631240803228884,38730.701147118656,24756.432,24608.773125857508,1,7.426420260095825,24756.432,26386.514,True,9.396382538596088,10.811959797796087,1.4155772591999995
lamf-test-4e05654b-8014-4960-848f-0c1b470c0ee8,"{<resource_manager.instance.OnPremInstance object at 0x12fec3b60>: [(5, 24846.432, 26766.432), (1, 26766.432, None)]}",119.66024806020059,54578.989534701555,24846.432,23377.594211763004,3,14.60187086470454,24846.432,29933.327999999998,True,19.418809034907593,24.597062052507592,5.178253017599999
lamf-test-f3f23406-4146-4e8a-b0d6-831939b9a4ea,"{<resource_manager.instance.OnPremInstance object at 0x12fec3b60>: [(5, 25266.432, 26316.432), (1, 26316.432, None)]}",57.3172776265575,39260.29670258375,25266.432,25226.968453163507,1,37.54045904631531,25266.432,37835.935999999994,True,46.22949638755797,53.03120720995797,6.801710822399997
lamf-test-2f12deb2-00c6-45f2-bf9e-431fba73627e,"{<resource_manager.instance.CloudReservedInstance object at 0x1450c11d0>: [(3, 25866.432, None)], <resource_manager.instance.CloudReservedInstance object at 0x1450c0f50>: [(1, 25866.432, None)], <resource_manager.instance.CloudOnDemandInstance object at 0x1450c1090>: [(2, 25866.432, None)]}",93.49967154984164,54689.975180082256,25866.432,23403.670571350005,1,142.4277362537075,25866.432,49191.123078873694,True,166.7443122225361,241.24757397285288,74.50326175031677
lamf-test-b18ea74a-e7ea-41d7-821c-d4f1a5e50746,"{<resource_manager.instance.OnPremInstance object at 0x12fec3b60>: [(4, 25896.432, None)]}",93.66823018165961,54920.456778664055,25896.432,24002.424495383006,3,50.20371435090121,25896.432,36101.758,True,62.090355160088215,78.64747606248821,16.5571209024
lamf-test-4d1918b0-1458-45e2-b527-a49166860d07,"{<resource_manager.instance.OnPremInstance object at 0x12fec3b60>: [(6, 26106.432, 29618.04), (1, 29618.04, None)]}",99.90881249240506,55140.852019021986,26106.432,24005.783224369006,2,15.176642551258187,26106.432,37887.144,True,31.95495594683504,43.85475375803504,11.899797811200001
lamf-test-d81a676f-ccce-4b38-95bc-838588f989f1,"{<resource_manager.instance.OnPremInstance object at 0x12fec3b60>: [(3, 26166.432, 27916.968), (1, 27916.968, None)]}",93.67827368323229,55681.582072191886,26166.432,24631.27268350451,1,13.978726899383984,26166.432,38833.36,True,44.69638634116663,51.25412714116663,6.5577408
lamf-test-6f91592c-afdd-4bec-8b7a-080c324249f5,"{<resource_manager.instance.OnPremInstance object at 0x12fec3b60>: [(5, 26286.432, None)]}",112.19170754417485,55751.205631128236,26286.432,24605.890185733508,3,47.92461784166096,26286.432,34596.89113235516,True,63.20221410263258,80.05582522304884,16.853611120416257
lamf-test-e18205c9-e6f7-4d1b-94fe-6bdf96998c05,"{<resource_manager.instance.OnPremInstance object at 0x12fec3b60>: [(6, 26316.432, 27856.968), (2, 27856.968, None)]}",110.9772195614234,55814.14309472458,26316.432,24595.15265923051,1,24.2521067761807,26316.432,34931.20999999999,True,62.450538748193736,71.93821226819372,9.487673519999994
lamf-test-0479ea03-d843-4f1c-b0bd-6f829a2c5a10,"{<resource_manager.instance.OnPremInstance object at 0x12fec3b60>: [(5, 26346.432, None)]}",326.10114994784385,145152.12458840804,26346.432,17396.377752066997,3,,26346.432,34788.08499999999,True,64.19996197429455,81.31963425829454,17.119672283999982
lamf-test-5a75690c-b8ed-48d0-b610-f947c287d86c,"{<resource_manager.instance.OnPremInstance object at 0x12fec3b60>: [(5, 26766.432, 27946.968), (2, 27946.968, None)]}",56.45454017440447,40580.35231023238,26766.432,26428.309654047007,3,8.978142824549396,26766.432,34219.125,True,28.058398357289526,35.54049912368953,7.482100766399999
lamf-test-b036c054-ee21-47f6-aca9-95247c096cfe,"{<resource_manager.instance.CloudOnDemandInstance object at 0x1450c1590>: [(5, 27306.432, None)], <resource_manager.instance.CloudOnDemandInstance object at 0x1450c1090>: [(1, 27306.432, None)]}",40.69689972228568,40626.21744927852,27306.432,26388.840134009508,3,,27706.968,40641.61744927852,False,57.469047744501445,,
lamf-test-9673f22e-b964-4aa7-bb78-d1e21e110802,"{<resource_manager.instance.OnPremInstance object at 0x12fec3b60>: [(3, 27736.968, None)]}",52.254300807909324,41188.768752333664,27736.968,27034.138908300505,1,,27736.968,35243.248,True,59.940634268765685,69.07427577276569,9.133641504
lamf-test-e4ed1a21-f292-441c-946a-d7b9f0990c7d,"{<resource_manager.instance.OnPremInstance object at 0x12fec3b60>: [(2, 27766.968, None)]}",297.2172710903451,145602.5137897727,27766.968,18003.148467424,1,,27766.968,64113.21599999999,True,196.25702395619436,225.74110033379435,29.484076377599994
lamf-test-c777b76c-0cc3-4d24-b87d-dcc762dd2026,"{<resource_manager.instance.OnPremInstance object at 0x12fec3b60>: [(2, 27796.968, None)]}",310.2741421688458,146174.90629070962,27796.968,18020.974954416997,1,,27796.968,58200.708,True,164.16955966233172,188.83307355033173,24.663513887999997
lamf-test-3c60492c-5568-42f7-a13b-d4f3117a23dc,"{<resource_manager.instance.OnPremInstance object at 0x12fec3b60>: [(6, 27856.968, 33338.04), (1, 33338.04, None)]}",288.51703100665657,146318.59422914483,27856.968,18575.833314436,2,23.688370268466702,27856.968,37319.039000000004,True,31.765962332791702,46.7193923463917,14.953430013600002
lamf-test-b6b347a8-b100-462f-bbd1-cdcde8345e59,"{<resource_manager.instance.OnPremInstance object at 0x12fec3b60>: [(4, 27916.968, None)]}",310.4633474601291,146419.2324943633,27916.968,18628.538554933,1,172.4437234770705,27916.968,61019.453,True,349.9312050346034,403.6366766986034,53.705471664
lamf-test-8fdaa8c6-0ab8-4102-bf2c-7c6a5957696b,"{<resource_manager.instance.OnPremInstance object at 0x12fec3b60>: [(3, 27946.968, None)]}",305.80076715201267,146600.0595266149,27946.968,19204.692097756,3,,27946.968,44262.155999999995,True,74.44758384668032,94.29990460508031,19.852320758399994
lamf-test-d457b8b2-16f3-450b-ba2f-e7b966006e63,"{<resource_manager.instance.OnPremInstance object at 0x12fec3b60>: [(6, 27976.968, 33458.04), (1, 33458.04, None)]}",308.6020686022321,146828.36461082607,27976.968,19222.493542585,1,86.2865544147844,27976.968,58683.217000000004,True,157.267735417142,180.837804027542,23.5700686104
lamf-test-95f36198-5f8e-46dc-93db-fc5d6a810881,"{<resource_manager.instance.OnPremInstance object at 0x12fec3b60>: [(3, 28096.968, None)]}",312.84764381313755,147020.13427768476,28096.968,19229.142797539,2,,28096.968,52558.2,True,78.90660249861372,108.67102959621371,29.7644270976
lamf-test-64282f81-8a38-42e2-8686-39f8e7fadae5,"{<resource_manager.instance.OnPremInstance object at 0x12fec3b60>: [(5, 28546.968, None)]}",308.1387838586121,147611.61772101864,28546.968,19788.986182396002,2,,28546.968,33026.949,True,17.9279801240933,27.013381592093296,9.085401467999999
lamf-test-e1a8ae4a-b274-4245-9dc7-b8b20b25f60b,"{<resource_manager.instance.CloudOnDemandInstance object at 0x1450c1090>: [(4, 28576.968, None)]}",307.3714712616934,147671.42780487466,28576.968,19796.370493996004,3,,28977.504,147686.8278048747,False,241.55927660886695,,
lamf-test-20e1ba49-4666-4d28-9ab3-d9b988f76cc5,"{<resource_manager.instance.OnPremInstance object at 0x12fec3b60>: [(6, 29067.504, 31568.04), (1, 31568.04, None)]}",285.6765311197183,147807.01469905413,29067.504,20421.28278125501,1,39.365043121149895,29067.504,70435.651,True,148.73469914061906,170.58470657181905,21.850007431199998
lamf-test-87976d93-8677-4270-9b15-bf91d2c51eaa,"{<resource_manager.instance.CloudOnDemandInstance object at 0x12fec3cb0>: [(3, 29097.504, None)]}",311.39111778496914,148142.09249598553,29097.504,20388.68691620201,2,,29498.04,138985.17277722,True,298.7263045344694,859.6808761084219,560.9545715739525
lamf-test-5f1a507d-a26f-433c-85e6-51ac89f0d432,"{<resource_manager.instance.OnPremInstance object at 0x12fec3b60>: [(4, 29618.04, None)]}",64.02975273459877,43665.25235329913,29618.04,29389.477972701505,3,17.522245037645447,29618.04,35737.60199999999,True,37.23210586356371,47.1604832523637,9.928377388799985
lamf-test-68fc4f1f-0368-4356-8862-a5c873470b2b,"{<resource_manager.instance.OnPremInstance object at 0x12fec3b60>: [(4, 29648.04, 42759.648), (1, 42759.648, None)]}",313.35740939256686,148249.29263748496,29648.04,20392.21179579401,2,47.7545900286666,29648.04,51915.736,True,66.33262628767125,91.31860839967125,24.985982112
lamf-test-6ffd71d7-ab96-484d-939d-8341469b380b,"{<resource_manager.instance.OnPremInstance object at 0x12fec3b60>: [(3, 29948.04, None)]}",291.65416309527114,148256.97677676516,29948.04,20414.54039423801,3,78.99433264887062,29948.04,60071.570999999996,True,137.4562217659137,174.11053428671372,36.6543125208
lamf-test-59fd6bbc-b1e0-4afd-a720-743bb563c136,"{<resource_manager.instance.OnPremInstance object at 0x12fec3b60>: [(2, 30668.04, None)]}",321.20760313523465,148710.37666316787,30668.04,21031.46842516201,2,,30668.04,48461.155,True,48.37004505831054,62.80381994631054,14.433774887999999
lamf-test-3d2e4ca8-d6e8-4002-a809-14108f6da5be,"{<resource_manager.instance.OnPremInstance object at 0x12fec3b60>: [(5, 30788.04, 35288.04), (1, 35288.04, None)]}",306.2018292174168,148754.19562084303,30788.04,20995.114476461007,2,18.008092123252275,30788.04,58308.035,True,64.71650097560341,83.1794109476034,18.462909972
lamf-test-398c2e41-0ba6-4e76-8602-21bfa67e2257,"{<resource_manager.instance.OnPremInstance object at 0x12fec3b60>: [(5, 31028.04, None)]}",308.43937206382503,148885.1976051699,31028.04,21015.54164102301,2,,31028.04,47120.52799999999,True,64.39889031029591,97.0344559742959,32.63556566399998
lamf-test-404ab15a-5fdc-47da-96ca-6bf36dbfc057,"{<resource_manager.instance.OnPremInstance object at 0x12fec3b60>: [(4, 31328.04, 38928.576), (1, 38928.576, None)]}",285.63536765098837,148915.37033611754,31328.04,21010.10985457101,2,27.682377377215786,31328.04,63162.40700000001,True,76.85370371359343,99.01405517359343,22.16035146
lamf-test-0aaede3d-34d4-43d5-b971-8a2a954407b0,"{<resource_manager.instance.OnPremInstance object at 0x12fec3b60>: [(2, 31568.04, None)]}",291.4038438976179,149121.3836967787,31568.04,21593.36608164301,1,,31568.04,66931.56999999999,True,190.9506905468096,219.63758608280958,28.68689553599999
lamf-test-4cc1e286-0e7f-464c-8240-c10883a7da2a,"{<resource_manager.instance.OnPremInstance object at 0x12fec3b60>: [(4, 31598.04, None)]}",316.2330750787407,149181.65071585914,31598.04,21591.09601736701,3,,31598.04,48400.736999999994,True,102.22950490531593,129.49020051811593,27.26069561279999
lamf-test-a7598ecc-5cec-4bf9-9a0f-c71ca0dbae0e,"{<resource_manager.instance.OnPremInstance object at 0x12fec3b60>: [(6, 32708.04, 35198.04), (1, 35198.04, None)]}",294.2224632206372,149329.24993683473,32708.04,21603.78073914301,3,22.724161533196437,32708.04,45616.574,True,38.571045706897856,48.85646709729785,10.2854213904
lamf-test-19917d27-b721-40ad-a37a-4370c7a734bc,"{<resource_manager.instance.CloudReservedInstance object at 0x1450c8710>: [(2, 32738.04, None)]}",301.1069329229973,149538.8343614327,32738.04,22177.51518172901,2,,32738.04,60662.13848350679,True,75.9108172942132,136.91938766097883,61.00857036676562
lamf-test-95c3a7f0-6def-4a58-8473-af92a11ec586,"{<resource_manager.instance.CloudReservedInstance object at 0x1450c8710>: [(2, 32768.04, None)], <resource_manager.instance.CloudOnDemandInstance object at 0x1450c1090>: [(1, 32768.04, None)]}",312.05091942501133,149594.54480111095,32768.04,21616.24882519901,1,,32768.04,116524.93545052037,True,543.5588317320255,801.3198399120474,257.7610081800219
lamf-test-68ff13a7-de65-4a50-8bee-581fe346b072,"{<resource_manager.instance.OnPremInstance object at 0x12fec3b60>: [(4, 32888.04, 35888.04), (1, 35888.04, None)]}",316.0799972187193,149712.81269754266,32888.04,22189.09318862801,1,31.713438284280173,32888.04,42840.31999999999,True,51.27647425659744,58.96351902459743,7.687044767999996
lamf-test-c5f3d318-ed60-437f-9c1e-4a6f0f18365e,"{<resource_manager.instance.OnPremInstance object at 0x12fec3b60>: [(5, 32948.04, 38408.04), (1, 38408.04, None)]}",302.37657057421836,149803.89076312713,32948.04,22184.18910907301,2,21.849818442879428,32948.04,57196.572,True,59.97243464637914,78.66594322557914,18.6935085792
lamf-test-e3ac6e81-3f29-40d1-91c8-119f86b94741,"{<resource_manager.instance.CloudReservedInstance object at 0x1450c11d0>: [(2, 33008.04, None)]}",292.3170995981352,150142.93702292012,33008.04,22234.265518672008,2,,33008.04,150158.33702292014,False,237.70222237324234,,
lamf-test-cd918581-b0d1-458e-92b2-5c59b3bd83b5,"{<resource_manager.instance.OnPremInstance object at 0x12fec3b60>: [(3, 33068.04, None)]}",301.10787935133226,150419.20436794477,33068.04,22778.38629325901,2,51.97253548265619,33068.04,50811.346,True,57.236037561528704,78.8260923023287,21.5900547408
lamf-test-499e704f-e77f-4d06-942d-f6729f7df6df,"{<resource_manager.instance.OnPremInstance object at 0x12fec3b60>: [(3, 33098.04, None)]}",295.12516285873096,150472.91167786805,33098.04,22815.35920949901,2,,33098.04,53870.109,True,67.00616680536682,92.2816203645668,25.275453559199995
lamf-test-893ff824-f1d2-4433-939e-c7c4d678a42b,"{<resource_manager.instance.CloudReservedInstance object at 0x1450c11d0>: [(1, 33128.04, None)], <resource_manager.instance.CloudReservedInstance object at 0x12fec3e00>: [(1, 33128.04, None)]}",291.47945752946964,150529.66068717767,33128.04,22821.370601165007,1,,33128.04,146011.20398278284,True,392.044856786099,511.4300910142901,119.38523422819112
lamf-test-f9efe039-70ce-49b9-a1a8-bee3de1d2b34,"{<resource_manager.instance.OnPremInstance object at 0x12fec3b60>: [(5, 33338.04, 34838.04), (2, 34838.04, None)]}",307.9037058422363,150548.25431346102,33338.04,23405.802924421005,3,11.407711613050422,33338.04,64254.689,True,100.89481785687123,127.79960352567122,26.904785668799995
lamf-test-9ad3c991-d587-4e6c-87f0-aa8b942b2b5d,"{<resource_manager.instance.OnPremInstance object at 0x12fec3b60>: [(6, 33458.04, 36458.04), (1, 36458.04, None)]}",294.2702271699325,150674.69761990497,33458.04,22833.938969726005,2,12.965549586905645,33458.04,70597.006,True,82.23475584540023,103.38232045500023,21.147564609599996
lamf-test-2b6c6b3a-28c9-458c-9ffa-76aefcc26451,"{<resource_manager.instance.OnPremInstance object at 0x12fec3b60>: [(5, 34268.04, None)]}",317.28833254019617,151051.7964121331,34268.04,23378.594211763004,1,250.26528131416836,34268.04,57466.34500000001,True,305.21764126549556,352.26380380549557,47.04616254000001
lamf-test-821bad57-9b5b-4590-ab6a-b75593f800f8,"{<resource_manager.instance.OnPremInstance object at 0x12fec3b60>: [(4, 34448.04, None)]}",293.93899056747387,151294.90110085253,34448.04,23434.558722575006,3,114.81699292721879,34448.04,66295.133,True,193.76130808426495,245.43003176746495,51.6687236832
lamf-test-308f236e-0576-4952-874f-b146870f6d77,"{<resource_manager.instance.OnPremInstance object at 0x12fec3b60>: [(3, 34628.04, None)]}",296.126707886245,151562.13125694863,34628.04,24027.258581083006,3,,34628.04,47046.76499999999,True,56.667693360711795,71.77879794071178,15.11110457999999
lamf-test-7c801ce0-8eb2-4e0d-9312-eaf55e74d22a,"{<resource_manager.instance.OnPremInstance object at 0x12fec3b60>: [(2, 34658.04, None)]}",282.54429039316733,151712.55501870275,34658.04,24004.783224369006,2,,34658.04,76446.587,True,113.60090132117551,147.4997706475755,33.898869326399996
lamf-test-3d742955-a0c8-4cdc-8c38-f5e5804b4cff,"{<resource_manager.instance.OnPremInstance object at 0x12fec3b60>: [(4, 34808.04, None)]}",303.65987588610506,151839.5785456724,34808.04,24000.089954138006,1,,34808.04,47921.574,True,138.62508373260323,159.90048129420322,21.2753975616
lamf-test-17fee575-0b26-45f7-83d5-67d080c53e61,"{<resource_manager.instance.OnPremInstance object at 0x12fec3b60>: [(5, 34988.04, None)]}",339.37001802300927,151855.1782028683,34988.04,24033.142180732008,3,,34988.04,50577.619000000006,True,118.56094760057803,150.17661381257804,31.615666212000008
lamf-test-c8945c61-1ea7-4681-928a-edc22713889d,"{<resource_manager.instance.OnPremInstance object at 0x12fec3b60>: [(5, 35198.04, None)]}",305.7727422550137,151861.66928743914,35198.04,24034.142180732008,2,,35198.04,42864.275,True,30.678725804111316,46.22585038411132,15.54712458
lamf-test-2148cf4d-7170-4032-92ad-bc67bc5cec9e,"{<resource_manager.instance.OnPremInstance object at 0x12fec3b60>: [(3, 35228.04, None)]}",290.5571510371029,152046.48431671681,35228.04,24604.890185733508,3,65.03129363449692,35228.04,64146.153000000006,True,131.95579739904176,167.14335729744175,35.18755989840001
lamf-test-5fc71200-6539-46cf-9073-1ac0b6be235f,"{<resource_manager.instance.OnPremInstance object at 0x12fec3b60>: [(5, 35288.04, 45459.648), (1, 45459.648, None)]}",298.6298021940167,152092.05919644193,35288.04,24621.57177969551,2,40.70472309013552,35288.04,69468.45199999999,True,89.41946144207535,119.78545336847534,30.365991926399992
lamf-test-55230e23-b521-4f16-a8cb-73a7c6580475,"{<resource_manager.instance.OnPremInstance object at 0x12fec3b60>: [(4, 35348.04, None)]}",312.3489385286271,152161.80135872564,35348.04,24596.15265923051,2,87.30846074470077,35348.04,63490.735,True,102.50023201020083,148.15894037820084,45.658708368
lamf-test-927fb6c3-ba3c-488b-96a5-466be1c02fa9,"{<resource_manager.instance.OnPremInstance object at 0x12fec3b60>: [(6, 35828.04, 43509.648), (1, 43509.648, None)]}",330.8093779162473,152178.47456447667,35828.04,24615.66826264151,1,120.92880492813141,35828.04,74948.7222342997,True,209.39528501552124,240.8409347537532,31.445649738231957
lamf-test-416bbbfd-81e6-4f7c-9a56-8c0e7175f623,"{<resource_manager.instance.OnPremInstance object at 0x12fec3b60>: [(3, 35888.04, None)]}",318.1012839054559,152240.64809395684,35888.04,24582.97467049701,2,,35888.04,46030.31999999999,True,32.71678451803407,45.05791082203406,12.34112630399999
lamf-test-b2a69e4a-f75e-4751-ad43-b2adf397fd45,"{<resource_manager.instance.OnPremInstance object at 0x12fec3b60>: [(5, 36128.04, 39138.576), (1, 39138.576, None)]}",99.34731245959347,67273.58915987918,36128.04,35994.6928111895,1,39.60930321697467,36128.04,41987.39200000001,True,47.62559282074684,54.88643959834684,7.260846777600003
lamf-test-8aea85bd-3d6c-4aba-b7de-dd2346b0e93e,"{<resource_manager.instance.OnPremInstance object at 0x12fec3b60>: [(6, 37388.04, 41439.648), (2, 41439.648, None)]}",302.51103083949494,152273.71531682962,37388.04,24640.046846003508,1,63.78301437371664,37388.04,71128.243,True,224.09104121986462,258.03442271266465,33.9433814928
lamf-test-3e7fd149-2562-452d-b778-aa63ebe3ca13,"{<resource_manager.instance.CloudReservedInstance object at 0x1450c0f50>: [(2, 37418.04, None)]}",306.14407437283273,152296.1508120989,37418.04,24587.81710621401,2,,37418.04,108402.23142409083,True,121.37827928979742,178.61993125418428,57.24165196438685
lamf-test-56207b5b-5fb7-4cc8-b917-b36e1b064de2,"{<resource_manager.instance.CloudReservedInstance object at 0x1450c8710>: [(2, 38228.04, None)], <resource_manager.instance.CloudReservedInstance object at 0x1450c0f50>: [(1, 38228.04, None)], <resource_manager.instance.CloudReservedInstance object at 0x12fef63f0>: [(2, 38228.04, 64329.648)]}",317.0752713451876,152313.11484081304,38228.04,24597.15265923051,2,175.22572574186398,38228.04,115648.03273857183,True,380.2296370432176,611.2254253994415,230.9957883562239
lamf-test-1e5c4d41-c6bb-47f9-a0f9-f492c659a647,"{<resource_manager.instance.OnPremInstance object at 0x12fec3b60>: [(6, 38408.04, None)]}",295.19389174920065,152419.05424340398,38408.04,24619.75361383751,3,,38408.04,43565.676,True,47.06945927446952,59.62108224406952,12.551622969599997
lamf-test-58f4bde2-1252-4878-b4ed-54f9ec3d6ddb,"{<resource_manager.instance.CloudOnDemandInstance object at 0x12fef6520>: [(1, 38438.04, None)], <resource_manager.instance.CloudOnDemandInstance object at 0x12fec3cb0>: [(2, 38438.04, None)]}",306.6623561408906,152442.03394993988,38438.04,24606.890185733508,3,,38838.576,152457.4339499399,False,404.6623356146623,,
lamf-test-28862540-93f6-42de-8ec4-72cbed9815ad,"{<resource_manager.instance.OnPremInstance object at 0x12fec3b60>: [(6, 38928.576, 43419.648), (1, 43419.648, None)]}",315.0001679546882,153215.30051961268,38928.576,25795.76048198651,3,40.98628336755647,38928.576,71118.152,True,83.11648946687961,105.28047550847961,22.1639860416
lamf-test-232b6ce2-ea24-476c-b62f-210ae1decc5b,"{<resource_manager.instance.OnPremInstance object at 0x12fec3b60>: [(4, 39138.576, 44109.648), (1, 44109.648, None)]}",311.1617610976437,153520.03375950133,39138.576,25790.451640514508,2,18.10544559927232,39138.576,75054.424,True,80.89352393084549,101.5097922892455,20.6162683584
lamf-test-5c2155b4-aa4a-428b-9192-860339f49ef5,"{<resource_manager.instance.CloudReservedInstance object at 0x12fec3e00>: [(2, 39198.576, None)]}",326.1375748222798,153585.27127699254,39198.576,25810.56170236451,3,,39198.576,139509.49878396047,True,203.43432511260266,348.3635463508688,144.92922123826608
lamf-test-12047e13-b691-4e4d-bcc8-16e2900e16aa,"{<resource_manager.instance.OnPremInstance object at 0x12fec3b60>: [(3, 39738.576, None)]}",306.19560311302496,153793.04889444768,39738.576,26389.840134009508,1,167.6220670773443,39738.576,68384.18,True,228.74655258955048,263.6025235367505,34.85597094719999
lamf-test-e050ad2a-f776-4985-ad86-c1f9e8bbb5cd,"{<resource_manager.instance.CloudReservedInstance object at 0x12fef63f0>: [(3, 39768.576, None)]}",326.0139069441622,153902.38891101105,39768.576,26411.357461833508,3,,39768.576,145680.2128899897,True,483.2837640428459,669.7306096239838,186.44684558113784
lamf-test-8d46ff55-9a1d-4004-b52e-0bb94df560fe,"{<resource_manager.instance.CloudOnDemandInstance object at 0x1450c1090>: [(2, 40308.576, None)], <resource_manager.instance.CloudOnDemandInstance object at 0x12fef6520>: [(1, 40308.576, None)]}",314.6188735020299,154061.52078000052,40308.576,26385.67029257651,1,,40709.112,154076.9207800005,False,542.2072354967449,,
lamf-test-62ab7363-ee6e-4e41-9bd6-da86db171176,"{<resource_manager.instance.CloudOnDemandInstance object at 0x1450c1590>: [(5, 40739.112, None)], <resource_manager.instance.CloudOnDemandInstance object at 0x1450c1090>: [(1, 40739.112, None)]}",317.6880653321237,154306.21739733394,40739.112,26433.513380517506,3,416.7386903947068,41139.648,154321.61739733396,False,489.49288710286646,,
lamf-test-62c9483c-2445-4359-99d9-4d8c66a14529,"{<resource_manager.instance.OnPremInstance object at 0x12fec3b60>: [(3, 41439.648, None)]}",345.02192360533996,154718.82321783854,41439.648,26993.524945794506,2,,41439.648,53067.55499999999,True,37.509093390710966,51.65793062831096,14.148837237599992
lamf-test-1f9296c3-4641-4962-ac2a-3bdd3909621e,"{<resource_manager.instance.OnPremInstance object at 0x12fec3b60>: [(2, 41469.648, None)]}",333.675220822951,154855.19864840462,41469.648,27022.566285996505,2,,41469.648,49911.30099999999,True,22.94837840235518,29.79624731595517,6.847868913599993
lamf-test-e000b273-6e93-45bd-85e3-de8e007da692,"{<resource_manager.instance.CloudReservedInstance object at 0x12fec3e00>: [(2, 41769.648, None)], <resource_manager.instance.CloudOnDemandInstance object at 0x12fef6520>: [(1, 41769.648, None)]}",284.69120725614476,154920.09143685177,41769.648,26989.300239741508,3,,41769.648,154935.4914368518,False,401.63302865006847,,
